barcode,is_cell,contig_id,high_confidence,length,chain,v_gene,d_gene,j_gene,c_gene,full_length,productive,cdr3,cdr3_nt,reads,umis,raw_clonotype_id,raw_consensus_id,type,clonotype_tcr,sample
cell_1,TRUE,CHAR,TRUE,697,TRA,CHAR,CHAR,CHAR,CHAR,TRUE,TRUE,EVAHCGRLTTLHPYW,CHAR,44152,15,CHAR,CHAR,TCR,CHAR,CHAR
cell_1,TRUE,CHAR,TRUE,697,TRB,CHAR,CHAR,CHAR,CHAR,TRUE,TRUE,NQKNVMDREYPSDGM,CHAR,44152,15,CHAR,CHAR,TCR,CHAR,CHAR
cell_2,TRUE,CHAR,TRUE,697,TRA,CHAR,CHAR,CHAR,CHAR,TRUE,TRUE,PTQYFHYKGDMGTKA,CHAR,44152,15,CHAR,CHAR,TCR,CHAR,CHAR
cell_2,TRUE,CHAR,TRUE,697,TRB,CHAR,CHAR,CHAR,CHAR,TRUE,TRUE,AANNDMSVCMKNSML,CHAR,44152,15,CHAR,CHAR,TCR,CHAR,CHAR
cell_2,TRUE,CHAR,TRUE,697,TRB,CHAR,CHAR,CHAR,CHAR,TRUE,TRUE,GRSNRRQLYSMHRHQ,CHAR,44152,15,CHAR,CHAR,TCR,CHAR,CHAR
cell_3,TRUE,CHAR,TRUE,697,TRA,CHAR,CHAR,CHAR,CHAR,TRUE,TRUE,LESGGQYEKVFGTWY,CHAR,44152,15,CHAR,CHAR,TCR,CHAR,CHAR
cell_3,TRUE,CHAR,TRUE,697,TRB,CHAR,CHAR,CHAR,CHAR,TRUE,TRUE,MCRMWAGMWRMCWYT,CHAR,44152,15,CHAR,CHAR,TCR,CHAR,CHAR
cell_4,TRUE,CHAR,TRUE,697,TRA,CHAR,CHAR,CHAR,CHAR,TRUE,TRUE,HVRRCFYERHPIRPQ,CHAR,44152,15,CHAR,CHAR,TCR,CHAR,CHAR
cell_4,TRUE,CHAR,TRUE,697,TRB,CHAR,CHAR,CHAR,CHAR,TRUE,TRUE,QNPCTWMAQPISSLS,CHAR,44152,15,CHAR,CHAR,TCR,CHAR,CHAR
cell_5,TRUE,CHAR,TRUE,697,TRA,CHAR,CHAR,CHAR,CHAR,TRUE,TRUE,GWQAAWSHTLEHGAP,CHAR,44152,15,CHAR,CHAR,TCR,CHAR,CHAR
cell_5,TRUE,CHAR,TRUE,697,TRA,CHAR,CHAR,CHAR,CHAR,TRUE,TRUE,WFSSMFYPRISGHAD,CHAR,44152,15,CHAR,CHAR,TCR,CHAR,CHAR
cell_5,TRUE,CHAR,TRUE,697,TRB,CHAR,CHAR,CHAR,CHAR,TRUE,TRUE,HNADNYTCVSRCHSM,CHAR,44152,15,CHAR,CHAR,TCR,CHAR,CHAR
cell_5,TRUE,CHAR,TRUE,697,TRB,CHAR,CHAR,CHAR,CHAR,TRUE,TRUE,TKKHVAVRECQVMFY,CHAR,44152,15,CHAR,CHAR,TCR,CHAR,CHAR
cell_6,TRUE,CHAR,TRUE,697,TRB,CHAR,CHAR,CHAR,CHAR,TRUE,TRUE,CGKEDHNSWIKWETH,CHAR,44152,15,CHAR,CHAR,TCR,CHAR,CHAR
cell_7,TRUE,CHAR,TRUE,697,TRA,CHAR,CHAR,CHAR,CHAR,TRUE,TRUE,HYRPCRRTDRELKMN,CHAR,44152,15,CHAR,CHAR,TCR,CHAR,CHAR
cell_7,TRUE,CHAR,TRUE,697,TRB,CHAR,CHAR,CHAR,CHAR,TRUE,TRUE,GYSCYMHLYDECSIP,CHAR,44152,15,CHAR,CHAR,TCR,CHAR,CHAR
cell_8,TRUE,CHAR,TRUE,697,TRA,CHAR,CHAR,CHAR,CHAR,TRUE,TRUE,ECSWTGYQTGRLICC,CHAR,44152,15,CHAR,CHAR,TCR,CHAR,CHAR
cell_8,TRUE,CHAR,TRUE,697,TRB,CHAR,CHAR,CHAR,CHAR,TRUE,TRUE,NDGAQYIYNMDSGHG,CHAR,44152,15,CHAR,CHAR,TCR,CHAR,CHAR
cell_8,TRUE,CHAR,TRUE,697,TRB,CHAR,CHAR,CHAR,CHAR,TRUE,TRUE,GYSCYMHLYDECSIP,CHAR,44152,15,CHAR,CHAR,TCR,CHAR,CHAR
cell_9,TRUE,CHAR,TRUE,697,TRA,CHAR,CHAR,CHAR,CHAR,TRUE,TRUE,TGNALPFEFMEFYMM,CHAR,44152,15,CHAR,CHAR,TCR,CHAR,CHAR
cell_9,TRUE,CHAR,TRUE,697,TRB,CHAR,CHAR,CHAR,CHAR,TRUE,TRUE,HFMAEGQLFVLDMNQ,CHAR,44152,15,CHAR,CHAR,TCR,CHAR,CHAR
cell_10,TRUE,CHAR,TRUE,697,TRA,CHAR,CHAR,CHAR,CHAR,TRUE,TRUE,TSMPCCYNHQMPDSS,CHAR,44152,15,CHAR,CHAR,TCR,CHAR,CHAR
cell_10,TRUE,CHAR,TRUE,697,TRB,CHAR,CHAR,CHAR,CHAR,TRUE,TRUE,KPSANFIWKPMVWEC,CHAR,44152,15,CHAR,CHAR,TCR,CHAR,CHAR
cell_10,TRUE,CHAR,TRUE,697,TRB,CHAR,CHAR,CHAR,CHAR,TRUE,TRUE,FDDRGEVAICTCNGK,CHAR,44152,15,CHAR,CHAR,TCR,CHAR,CHAR
cell_11,TRUE,CHAR,TRUE,697,TRA,CHAR,CHAR,CHAR,CHAR,TRUE,TRUE,SAYEVKLQYDTFPMV,CHAR,44152,15,CHAR,CHAR,TCR,CHAR,CHAR
cell_11,TRUE,CHAR,TRUE,697,TRB,CHAR,CHAR,CHAR,CHAR,TRUE,TRUE,RKQNVMVYTKQIYVR,CHAR,44152,15,CHAR,CHAR,TCR,CHAR,CHAR
cell_12,TRUE,CHAR,TRUE,697,TRA,CHAR,CHAR,CHAR,CHAR,TRUE,TRUE,CDMCYDQMNGWYHMT,CHAR,44152,15,CHAR,CHAR,TCR,CHAR,CHAR
cell_12,TRUE,CHAR,TRUE,697,TRB,CHAR,CHAR,CHAR,CHAR,TRUE,TRUE,WLHYMIQYQYGVSHH,CHAR,44152,15,CHAR,CHAR,TCR,CHAR,CHAR
cell_12,TRUE,CHAR,TRUE,697,TRB,CHAR,CHAR,CHAR,CHAR,TRUE,TRUE,RCMVRGAFSAKHSYE,CHAR,44152,15,CHAR,CHAR,TCR,CHAR,CHAR
cell_13,TRUE,CHAR,TRUE,697,TRA,CHAR,CHAR,CHAR,CHAR,TRUE,TRUE,TCGARMGNAYWWAGW,CHAR,44152,15,CHAR,CHAR,TCR,CHAR,CHAR
cell_13,TRUE,CHAR,TRUE,697,TRA,CHAR,CHAR,CHAR,CHAR,TRUE,TRUE,DLKMPRSPGQYSFTV,CHAR,44152,15,CHAR,CHAR,TCR,CHAR,CHAR
cell_13,TRUE,CHAR,TRUE,697,TRB,CHAR,CHAR,CHAR,CHAR,TRUE,TRUE,VQFNFANIWDINYVC,CHAR,44152,15,CHAR,CHAR,TCR,CHAR,CHAR
cell_13,TRUE,CHAR,TRUE,697,TRB,CHAR,CHAR,CHAR,CHAR,TRUE,TRUE,HHQMANMIDYLGAIR,CHAR,44152,15,CHAR,CHAR,TCR,CHAR,CHAR
cell_14,TRUE,CHAR,TRUE,697,TRA,CHAR,CHAR,CHAR,CHAR,TRUE,TRUE,IYKDNNCHNLYCCNS,CHAR,44152,15,CHAR,CHAR,TCR,CHAR,CHAR
cell_14,TRUE,CHAR,TRUE,697,TRB,CHAR,CHAR,CHAR,CHAR,TRUE,TRUE,CRRWITICCIYFADS,CHAR,44152,15,CHAR,CHAR,TCR,CHAR,CHAR
cell_15,TRUE,CHAR,TRUE,697,TRA,CHAR,CHAR,CHAR,CHAR,TRUE,TRUE,QMEFEFMYPHEDGPM,CHAR,44152,15,CHAR,CHAR,TCR,CHAR,CHAR
cell_15,TRUE,CHAR,TRUE,697,TRB,CHAR,CHAR,CHAR,CHAR,TRUE,TRUE,KPSANFIWKPMVWEC,CHAR,44152,15,CHAR,CHAR,TCR,CHAR,CHAR
cell_15,TRUE,CHAR,TRUE,697,TRB,CHAR,CHAR,CHAR,CHAR,TRUE,TRUE,CRRWITICCIYFADS,CHAR,44152,15,CHAR,CHAR,TCR,CHAR,CHAR
cell_16,TRUE,CHAR,TRUE,697,TRA,CHAR,CHAR,CHAR,CHAR,TRUE,TRUE,MAKFGCHVMYILQQS,CHAR,44152,15,CHAR,CHAR,TCR,CHAR,CHAR
cell_16,TRUE,CHAR,TRUE,697,TRB,CHAR,CHAR,CHAR,CHAR,TRUE,TRUE,AWIFSIYTPVKLGGY,CHAR,44152,15,CHAR,CHAR,TCR,CHAR,CHAR
cell_17,TRUE,CHAR,TRUE,697,TRA,CHAR,CHAR,CHAR,CHAR,TRUE,TRUE,MMMMGGKFQERPSES,CHAR,44152,15,CHAR,CHAR,TCR,CHAR,CHAR
cell_17,TRUE,CHAR,TRUE,697,TRB,CHAR,CHAR,CHAR,CHAR,TRUE,TRUE,PMNPCSMGDWTDGPT,CHAR,44152,15,CHAR,CHAR,TCR,CHAR,CHAR
cell_17,TRUE,CHAR,TRUE,697,TRB,CHAR,CHAR,CHAR,CHAR,TRUE,TRUE,HAHDNTVVLFETRFA,CHAR,44152,15,CHAR,CHAR,TCR,CHAR,CHAR
cell_18,TRUE,CHAR,TRUE,697,TRA,CHAR,CHAR,CHAR,CHAR,TRUE,TRUE,MAKFGCHVMYILQQS,CHAR,44152,15,CHAR,CHAR,TCR,CHAR,CHAR
cell_18,TRUE,CHAR,TRUE,697,TRB,CHAR,CHAR,CHAR,CHAR,TRUE,TRUE,QVCVDKILLLFMYCG,CHAR,44152,15,CHAR,CHAR,TCR,CHAR,CHAR
cell_19,TRUE,CHAR,TRUE,697,TRA,CHAR,CHAR,CHAR,CHAR,TRUE,TRUE,DPSDLVNESSNPTHE,CHAR,44152,15,CHAR,CHAR,TCR,CHAR,CHAR
cell_19,TRUE,CHAR,TRUE,697,TRB,CHAR,CHAR,CHAR,CHAR,TRUE,TRUE,LVDQMIPTQWQCEKP,CHAR,44152,15,CHAR,CHAR,TCR,CHAR,CHAR
cell_20,TRUE,CHAR,TRUE,697,TRA,CHAR,CHAR,CHAR,CHAR,TRUE,TRUE,ATEDSTQWSCNPEAA,CHAR,44152,15,CHAR,CHAR,TCR,CHAR,CHAR
cell_20,TRUE,CHAR,TRUE,697,TRA,CHAR,CHAR,CHAR,CHAR,TRUE,TRUE,KWDPNKCKSLLLHCW,CHAR,44152,15,CHAR,CHAR,TCR,CHAR,CHAR
cell_20,TRUE,CHAR,TRUE,697,TRB,CHAR,CHAR,CHAR,CHAR,TRUE,TRUE,HHGHKIEYHHTSAEF,CHAR,44152,15,CHAR,CHAR,TCR,CHAR,CHAR
cell_21,TRUE,CHAR,TRUE,697,TRA,CHAR,CHAR,CHAR,CHAR,TRUE,TRUE,HPANDCGQMPVWAWT,CHAR,44152,15,CHAR,CHAR,TCR,CHAR,CHAR
cell_21,TRUE,CHAR,TRUE,697,TRB,CHAR,CHAR,CHAR,CHAR,TRUE,TRUE,IWDAGGMDEVMNYYY,CHAR,44152,15,CHAR,CHAR,TCR,CHAR,CHAR
cell_23,TRUE,CHAR,TRUE,697,TRA,CHAR,CHAR,CHAR,CHAR,TRUE,TRUE,DPSDLVNESSNPTHE,CHAR,44152,15,CHAR,CHAR,TCR,CHAR,CHAR
cell_23,TRUE,CHAR,TRUE,697,TRB,CHAR,CHAR,CHAR,CHAR,TRUE,TRUE,SFNSDCAGDSRPQFG,CHAR,44152,15,CHAR,CHAR,TCR,CHAR,CHAR
cell_24,TRUE,CHAR,TRUE,697,TRA,CHAR,CHAR,CHAR,CHAR,TRUE,TRUE,IYGMNTHFCHKCIKK,CHAR,44152,15,CHAR,CHAR,TCR,CHAR,CHAR
cell_24,TRUE,CHAR,TRUE,697,TRB,CHAR,CHAR,CHAR,CHAR,TRUE,TRUE,DSAITSLDGVDNAWF,CHAR,44152,15,CHAR,CHAR,TCR,CHAR,CHAR
cell_27,TRUE,CHAR,TRUE,697,TRA,CHAR,CHAR,CHAR,CHAR,TRUE,TRUE,MWNWRAMCWALGVCM,CHAR,44152,15,CHAR,CHAR,TCR,CHAR,CHAR
cell_27,TRUE,CHAR,TRUE,697,TRB,CHAR,CHAR,CHAR,CHAR,TRUE,TRUE,QWWQWVFVRWAFFIL,CHAR,44152,15,CHAR,CHAR,TCR,CHAR,CHAR
cell_27,TRUE,CHAR,TRUE,697,TRB,CHAR,CHAR,CHAR,CHAR,TRUE,TRUE,RKQNVMVYTKQIYVR,CHAR,44152,15,CHAR,CHAR,TCR,CHAR,CHAR
cell_27,TRUE,CHAR,TRUE,697,TRB,CHAR,CHAR,CHAR,CHAR,TRUE,TRUE,WPLIGLKNFCLHHPE,CHAR,44152,15,CHAR,CHAR,TCR,CHAR,CHAR
cell_28,TRUE,CHAR,TRUE,697,TRA,CHAR,CHAR,CHAR,CHAR,TRUE,TRUE,HPANDCGQMPVWAWT,CHAR,44152,15,CHAR,CHAR,TCR,CHAR,CHAR
cell_28,TRUE,CHAR,TRUE,697,TRB,CHAR,CHAR,CHAR,CHAR,TRUE,TRUE,ANFSRCTHCYHIVAW,CHAR,44152,15,CHAR,CHAR,TCR,CHAR,CHAR
cell_29,TRUE,CHAR,TRUE,697,TRA,CHAR,CHAR,CHAR,CHAR,TRUE,TRUE,PKNKLRKHDTMTFDA,CHAR,44152,15,CHAR,CHAR,TCR,CHAR,CHAR
cell_29,TRUE,CHAR,TRUE,697,TRB,CHAR,CHAR,CHAR,CHAR,TRUE,TRUE,IGWSTRLMSFYPCDR,CHAR,44152,15,CHAR,CHAR,TCR,CHAR,CHAR
cell_30,TRUE,CHAR,TRUE,697,TRA,CHAR,CHAR,CHAR,CHAR,TRUE,TRUE,YEVTWFVCQDWNKFM,CHAR,44152,15,CHAR,CHAR,TCR,CHAR,CHAR
cell_30,TRUE,CHAR,TRUE,697,TRB,CHAR,CHAR,CHAR,CHAR,TRUE,TRUE,TCMFYPACLMCGALF,CHAR,44152,15,CHAR,CHAR,TCR,CHAR,CHAR
cell_31,TRUE,CHAR,TRUE,697,TRA,CHAR,CHAR,CHAR,CHAR,TRUE,TRUE,DIYKAAPESWFCSGC,CHAR,44152,15,CHAR,CHAR,TCR,CHAR,CHAR
cell_31,TRUE,CHAR,TRUE,697,TRB,CHAR,CHAR,CHAR,CHAR,TRUE,TRUE,TANNDKHQFAAKHHD,CHAR,44152,15,CHAR,CHAR,TCR,CHAR,CHAR
cell_32,TRUE,CHAR,TRUE,697,TRA,CHAR,CHAR,CHAR,CHAR,TRUE,TRUE,TGNALPFEFMEFYMM,CHAR,44152,15,CHAR,CHAR,TCR,CHAR,CHAR
cell_32,TRUE,CHAR,TRUE,697,TRB,CHAR,CHAR,CHAR,CHAR,TRUE,TRUE,KLPHCKFEPGLFSAC,CHAR,44152,15,CHAR,CHAR,TCR,CHAR,CHAR
cell_33,TRUE,CHAR,TRUE,697,TRA,CHAR,CHAR,CHAR,CHAR,TRUE,TRUE,YPNHEDGMKARPYST,CHAR,44152,15,CHAR,CHAR,TCR,CHAR,CHAR
cell_33,TRUE,CHAR,TRUE,697,TRB,CHAR,CHAR,CHAR,CHAR,TRUE,TRUE,IVNDWTTRCNEDQRK,CHAR,44152,15,CHAR,CHAR,TCR,CHAR,CHAR
cell_34,TRUE,CHAR,TRUE,697,TRA,CHAR,CHAR,CHAR,CHAR,TRUE,TRUE,RIDKVEQYYQLFSWK,CHAR,44152,15,CHAR,CHAR,TCR,CHAR,CHAR
cell_34,TRUE,CHAR,TRUE,697,TRA,CHAR,CHAR,CHAR,CHAR,TRUE,TRUE,QDLRRWGTSMLLVDN,CHAR,44152,15,CHAR,CHAR,TCR,CHAR,CHAR
cell_34,TRUE,CHAR,TRUE,697,TRB,CHAR,CHAR,CHAR,CHAR,TRUE,TRUE,IVWLSGFLQGQRSHP,CHAR,44152,15,CHAR,CHAR,TCR,CHAR,CHAR
cell_35,TRUE,CHAR,TRUE,697,TRA,CHAR,CHAR,CHAR,CHAR,TRUE,TRUE,MSAVACMYMINEHGP,CHAR,44152,15,CHAR,CHAR,TCR,CHAR,CHAR
cell_35,TRUE,CHAR,TRUE,697,TRB,CHAR,CHAR,CHAR,CHAR,TRUE,TRUE,EFFMTPLSALHVWWL,CHAR,44152,15,CHAR,CHAR,TCR,CHAR,CHAR
cell_36,TRUE,CHAR,TRUE,697,TRB,CHAR,CHAR,CHAR,CHAR,TRUE,TRUE,QCNNRGILWNMVFKW,CHAR,44152,15,CHAR,CHAR,TCR,CHAR,CHAR
cell_36,TRUE,CHAR,TRUE,697,TRB,CHAR,CHAR,CHAR,CHAR,TRUE,TRUE,RKMGNWVWYTFKGEG,CHAR,44152,15,CHAR,CHAR,TCR,CHAR,CHAR
cell_37,TRUE,CHAR,TRUE,697,TRB,CHAR,CHAR,CHAR,CHAR,TRUE,TRUE,PFQKRGLRADANPAF,CHAR,44152,15,CHAR,CHAR,TCR,CHAR,CHAR
cell_37,TRUE,CHAR,TRUE,697,TRB,CHAR,CHAR,CHAR,CHAR,TRUE,TRUE,GYSCYMHLYDECSIP,CHAR,44152,15,CHAR,CHAR,TCR,CHAR,CHAR
cell_39,TRUE,CHAR,TRUE,697,TRA,CHAR,CHAR,CHAR,CHAR,TRUE,TRUE,YPNHEDGMKARPYST,CHAR,44152,15,CHAR,CHAR,TCR,CHAR,CHAR
cell_39,TRUE,CHAR,TRUE,697,TRA,CHAR,CHAR,CHAR,CHAR,TRUE,TRUE,NRSAWRLNMGCYTAL,CHAR,44152,15,CHAR,CHAR,TCR,CHAR,CHAR
cell_39,TRUE,CHAR,TRUE,697,TRB,CHAR,CHAR,CHAR,CHAR,TRUE,TRUE,SKCWMQTQFQEVYID,CHAR,44152,15,CHAR,CHAR,TCR,CHAR,CHAR
cell_41,TRUE,CHAR,TRUE,697,TRA,CHAR,CHAR,CHAR,CHAR,TRUE,TRUE,EETKLVIPCVWAPYW,CHAR,44152,15,CHAR,CHAR,TCR,CHAR,CHAR
cell_41,TRUE,CHAR,TRUE,697,TRA,CHAR,CHAR,CHAR,CHAR,TRUE,TRUE,GWQAAWSHTLEHGAP,CHAR,44152,15,CHAR,CHAR,TCR,CHAR,CHAR
cell_41,TRUE,CHAR,TRUE,697,TRB,CHAR,CHAR,CHAR,CHAR,TRUE,TRUE,GEAANEDWDVPWSYF,CHAR,44152,15,CHAR,CHAR,TCR,CHAR,CHAR
cell_42,TRUE,CHAR,TRUE,697,TRA,CHAR,CHAR,CHAR,CHAR,TRUE,TRUE,ERIKICFLQINFLWE,CHAR,44152,15,CHAR,CHAR,TCR,CHAR,CHAR
cell_42,TRUE,CHAR,TRUE,697,TRB,CHAR,CHAR,CHAR,CHAR,TRUE,TRUE,YDCTVQGCYNMGYYH,CHAR,44152,15,CHAR,CHAR,TCR,CHAR,CHAR
cell_43,TRUE,CHAR,TRUE,697,TRA,CHAR,CHAR,CHAR,CHAR,TRUE,TRUE,PHHFSGANTSEHINN,CHAR,44152,15,CHAR,CHAR,TCR,CHAR,CHAR
cell_43,TRUE,CHAR,TRUE,697,TRB,CHAR,CHAR,CHAR,CHAR,TRUE,TRUE,KNGYYYFWRVHYLMS,CHAR,44152,15,CHAR,CHAR,TCR,CHAR,CHAR
cell_45,TRUE,CHAR,TRUE,697,TRA,CHAR,CHAR,CHAR,CHAR,TRUE,TRUE,SQYFPSGPWYKLVGP,CHAR,44152,15,CHAR,CHAR,TCR,CHAR,CHAR
cell_45,TRUE,CHAR,TRUE,697,TRB,CHAR,CHAR,CHAR,CHAR,TRUE,TRUE,NTFWVFPRENISGGQ,CHAR,44152,15,CHAR,CHAR,TCR,CHAR,CHAR
cell_46,TRUE,CHAR,TRUE,697,TRA,CHAR,CHAR,CHAR,CHAR,TRUE,TRUE,PHHFSGANTSEHINN,CHAR,44152,15,CHAR,CHAR,TCR,CHAR,CHAR
cell_46,TRUE,CHAR,TRUE,697,TRA,CHAR,CHAR,CHAR,CHAR,TRUE,TRUE,CWQVLEWDADSQYEV,CHAR,44152,15,CHAR,CHAR,TCR,CHAR,CHAR
cell_46,TRUE,CHAR,TRUE,697,TRB,CHAR,CHAR,CHAR,CHAR,TRUE,TRUE,KFSWEYESNACEAME,CHAR,44152,15,CHAR,CHAR,TCR,CHAR,CHAR
cell_47,TRUE,CHAR,TRUE,697,TRA,CHAR,CHAR,CHAR,CHAR,TRUE,TRUE,DIYKAAPESWFCSGC,CHAR,44152,15,CHAR,CHAR,TCR,CHAR,CHAR
cell_47,TRUE,CHAR,TRUE,697,TRA,CHAR,CHAR,CHAR,CHAR,TRUE,TRUE,RAWYISTSLMNAYYR,CHAR,44152,15,CHAR,CHAR,TCR,CHAR,CHAR
cell_47,TRUE,CHAR,TRUE,697,TRB,CHAR,CHAR,CHAR,CHAR,TRUE,TRUE,STYPHDWHYRVIKML,CHAR,44152,15,CHAR,CHAR,TCR,CHAR,CHAR
cell_47,TRUE,CHAR,TRUE,697,TRB,CHAR,CHAR,CHAR,CHAR,TRUE,TRUE,KPSANFIWKPMVWEC,CHAR,44152,15,CHAR,CHAR,TCR,CHAR,CHAR
cell_48,TRUE,CHAR,TRUE,697,TRA,CHAR,CHAR,CHAR,CHAR,TRUE,TRUE,IQNYKIFPHPVRLHR,CHAR,44152,15,CHAR,CHAR,TCR,CHAR,CHAR
cell_48,TRUE,CHAR,TRUE,697,TRB,CHAR,CHAR,CHAR,CHAR,TRUE,TRUE,DPWCVCITTTKYNWW,CHAR,44152,15,CHAR,CHAR,TCR,CHAR,CHAR
cell_49,TRUE,CHAR,TRUE,697,TRA,CHAR,CHAR,CHAR,CHAR,TRUE,TRUE,NRSAWRLNMGCYTAL,CHAR,44152,15,CHAR,CHAR,TCR,CHAR,CHAR
cell_49,TRUE,CHAR,TRUE,697,TRB,CHAR,CHAR,CHAR,CHAR,TRUE,TRUE,CYQNGLWKESRRAKE,CHAR,44152,15,CHAR,CHAR,TCR,CHAR,CHAR
cell_50,TRUE,CHAR,TRUE,697,TRA,CHAR,CHAR,CHAR,CHAR,TRUE,TRUE,YGCRLMSAPHYGVWM,CHAR,44152,15,CHAR,CHAR,TCR,CHAR,CHAR
cell_50,TRUE,CHAR,TRUE,697,TRB,CHAR,CHAR,CHAR,CHAR,TRUE,TRUE,LDFELKTSMGILLVT,CHAR,44152,15,CHAR,CHAR,TCR,CHAR,CHAR
cell_51,TRUE,CHAR,TRUE,697,TRA,CHAR,CHAR,CHAR,CHAR,TRUE,TRUE,TWWLYPNPTSAVDWN,CHAR,44152,15,CHAR,CHAR,TCR,CHAR,CHAR
cell_51,TRUE,CHAR,TRUE,697,TRA,CHAR,CHAR,CHAR,CHAR,TRUE,TRUE,NFESTYKMPVYFVYW,CHAR,44152,15,CHAR,CHAR,TCR,CHAR,CHAR
cell_51,TRUE,CHAR,TRUE,697,TRB,CHAR,CHAR,CHAR,CHAR,TRUE,TRUE,RCMVRGAFSAKHSYE,CHAR,44152,15,CHAR,CHAR,TCR,CHAR,CHAR
cell_53,TRUE,CHAR,TRUE,697,TRB,CHAR,CHAR,CHAR,CHAR,TRUE,TRUE,NTFWVFPRENISGGQ,CHAR,44152,15,CHAR,CHAR,TCR,CHAR,CHAR
cell_54,TRUE,CHAR,TRUE,697,TRA,CHAR,CHAR,CHAR,CHAR,TRUE,TRUE,DPVDCKQIAYQSRKW,CHAR,44152,15,CHAR,CHAR,TCR,CHAR,CHAR
cell_54,TRUE,CHAR,TRUE,697,TRA,CHAR,CHAR,CHAR,CHAR,TRUE,TRUE,MPILNAQFMVAVGQH,CHAR,44152,15,CHAR,CHAR,TCR,CHAR,CHAR
cell_54,TRUE,CHAR,TRUE,697,TRB,CHAR,CHAR,CHAR,CHAR,TRUE,TRUE,QWWQWVFVRWAFFIL,CHAR,44152,15,CHAR,CHAR,TCR,CHAR,CHAR
cell_55,TRUE,CHAR,TRUE,697,TRA,CHAR,CHAR,CHAR,CHAR,TRUE,TRUE,AVGMAQRITDPPTRP,CHAR,44152,15,CHAR,CHAR,TCR,CHAR,CHAR
cell_55,TRUE,CHAR,TRUE,697,TRB,CHAR,CHAR,CHAR,CHAR,TRUE,TRUE,RVSWIEMNALDRMSS,CHAR,44152,15,CHAR,CHAR,TCR,CHAR,CHAR
cell_56,TRUE,CHAR,TRUE,697,TRA,CHAR,CHAR,CHAR,CHAR,TRUE,TRUE,TYNLERVAEDSNHIA,CHAR,44152,15,CHAR,CHAR,TCR,CHAR,CHAR
cell_56,TRUE,CHAR,TRUE,697,TRB,CHAR,CHAR,CHAR,CHAR,TRUE,TRUE,YSARMNTCAIKFTIK,CHAR,44152,15,CHAR,CHAR,TCR,CHAR,CHAR
cell_56,TRUE,CHAR,TRUE,697,TRB,CHAR,CHAR,CHAR,CHAR,TRUE,TRUE,AWIFSIYTPVKLGGY,CHAR,44152,15,CHAR,CHAR,TCR,CHAR,CHAR
cell_57,TRUE,CHAR,TRUE,697,TRA,CHAR,CHAR,CHAR,CHAR,TRUE,TRUE,YNAPYFGIQIKPCAI,CHAR,44152,15,CHAR,CHAR,TCR,CHAR,CHAR
cell_57,TRUE,CHAR,TRUE,697,TRB,CHAR,CHAR,CHAR,CHAR,TRUE,TRUE,KYMDRRAIMHGIIMK,CHAR,44152,15,CHAR,CHAR,TCR,CHAR,CHAR
cell_58,TRUE,CHAR,TRUE,697,TRA,CHAR,CHAR,CHAR,CHAR,TRUE,TRUE,PGSNFLVMPYRPCYI,CHAR,44152,15,CHAR,CHAR,TCR,CHAR,CHAR
cell_58,TRUE,CHAR,TRUE,697,TRB,CHAR,CHAR,CHAR,CHAR,TRUE,TRUE,MDWWKACVQKCCVED,CHAR,44152,15,CHAR,CHAR,TCR,CHAR,CHAR
cell_58,TRUE,CHAR,TRUE,697,TRB,CHAR,CHAR,CHAR,CHAR,TRUE,TRUE,QISSNCLQVEHHSPV,CHAR,44152,15,CHAR,CHAR,TCR,CHAR,CHAR
cell_59,TRUE,CHAR,TRUE,697,TRA,CHAR,CHAR,CHAR,CHAR,TRUE,TRUE,TEINDGIEGSLPWVH,CHAR,44152,15,CHAR,CHAR,TCR,CHAR,CHAR
cell_59,TRUE,CHAR,TRUE,697,TRB,CHAR,CHAR,CHAR,CHAR,TRUE,TRUE,FDDRGEVAICTCNGK,CHAR,44152,15,CHAR,CHAR,TCR,CHAR,CHAR
cell_60,TRUE,CHAR,TRUE,697,TRA,CHAR,CHAR,CHAR,CHAR,TRUE,TRUE,QCQNFFIEGREGPNS,CHAR,44152,15,CHAR,CHAR,TCR,CHAR,CHAR
cell_60,TRUE,CHAR,TRUE,697,TRA,CHAR,CHAR,CHAR,CHAR,TRUE,TRUE,HVRRCFYERHPIRPQ,CHAR,44152,15,CHAR,CHAR,TCR,CHAR,CHAR
cell_60,TRUE,CHAR,TRUE,697,TRB,CHAR,CHAR,CHAR,CHAR,TRUE,TRUE,VTSHQFANTECVCPT,CHAR,44152,15,CHAR,CHAR,TCR,CHAR,CHAR
cell_61,TRUE,CHAR,TRUE,697,TRA,CHAR,CHAR,CHAR,CHAR,TRUE,TRUE,TGNALPFEFMEFYMM,CHAR,44152,15,CHAR,CHAR,TCR,CHAR,CHAR
cell_61,TRUE,CHAR,TRUE,697,TRB,CHAR,CHAR,CHAR,CHAR,TRUE,TRUE,IVWLSGFLQGQRSHP,CHAR,44152,15,CHAR,CHAR,TCR,CHAR,CHAR
cell_61,TRUE,CHAR,TRUE,697,TRB,CHAR,CHAR,CHAR,CHAR,TRUE,TRUE,WPLIGLKNFCLHHPE,CHAR,44152,15,CHAR,CHAR,TCR,CHAR,CHAR
cell_62,TRUE,CHAR,TRUE,697,TRA,CHAR,CHAR,CHAR,CHAR,TRUE,TRUE,QDYGWLMWYEELDDQ,CHAR,44152,15,CHAR,CHAR,TCR,CHAR,CHAR
cell_62,TRUE,CHAR,TRUE,697,TRB,CHAR,CHAR,CHAR,CHAR,TRUE,TRUE,CRRWITICCIYFADS,CHAR,44152,15,CHAR,CHAR,TCR,CHAR,CHAR
cell_63,TRUE,CHAR,TRUE,697,TRA,CHAR,CHAR,CHAR,CHAR,TRUE,TRUE,RNMNFESKIPIGLII,CHAR,44152,15,CHAR,CHAR,TCR,CHAR,CHAR
cell_63,TRUE,CHAR,TRUE,697,TRA,CHAR,CHAR,CHAR,CHAR,TRUE,TRUE,TCMQKMCGYAYQQVC,CHAR,44152,15,CHAR,CHAR,TCR,CHAR,CHAR
cell_63,TRUE,CHAR,TRUE,697,TRB,CHAR,CHAR,CHAR,CHAR,TRUE,TRUE,TVKMHFPTCKFVNPS,CHAR,44152,15,CHAR,CHAR,TCR,CHAR,CHAR
cell_63,TRUE,CHAR,TRUE,697,TRB,CHAR,CHAR,CHAR,CHAR,TRUE,TRUE,YTFGHIFPLQLYLET,CHAR,44152,15,CHAR,CHAR,TCR,CHAR,CHAR
cell_63,TRUE,CHAR,TRUE,697,TRB,CHAR,CHAR,CHAR,CHAR,TRUE,TRUE,HTLMKEMQAYDEQVI,CHAR,44152,15,CHAR,CHAR,TCR,CHAR,CHAR
cell_65,TRUE,CHAR,TRUE,697,TRA,CHAR,CHAR,CHAR,CHAR,TRUE,TRUE,WTTQFKGFCHHQRDT,CHAR,44152,15,CHAR,CHAR,TCR,CHAR,CHAR
cell_65,TRUE,CHAR,TRUE,697,TRB,CHAR,CHAR,CHAR,CHAR,TRUE,TRUE,NDGAQYIYNMDSGHG,CHAR,44152,15,CHAR,CHAR,TCR,CHAR,CHAR
cell_65,TRUE,CHAR,TRUE,697,TRB,CHAR,CHAR,CHAR,CHAR,TRUE,TRUE,RKMGNWVWYTFKGEG,CHAR,44152,15,CHAR,CHAR,TCR,CHAR,CHAR
cell_66,TRUE,CHAR,TRUE,697,TRA,CHAR,CHAR,CHAR,CHAR,TRUE,TRUE,AGIPWDMTWHIVFVS,CHAR,44152,15,CHAR,CHAR,TCR,CHAR,CHAR
cell_66,TRUE,CHAR,TRUE,697,TRA,CHAR,CHAR,CHAR,CHAR,TRUE,TRUE,NRSAWRLNMGCYTAL,CHAR,44152,15,CHAR,CHAR,TCR,CHAR,CHAR
cell_66,TRUE,CHAR,TRUE,697,TRB,CHAR,CHAR,CHAR,CHAR,TRUE,TRUE,RIAAIWLFMQWGAPC,CHAR,44152,15,CHAR,CHAR,TCR,CHAR,CHAR
cell_68,TRUE,CHAR,TRUE,697,TRA,CHAR,CHAR,CHAR,CHAR,TRUE,TRUE,QDYGWLMWYEELDDQ,CHAR,44152,15,CHAR,CHAR,TCR,CHAR,CHAR
cell_68,TRUE,CHAR,TRUE,697,TRA,CHAR,CHAR,CHAR,CHAR,TRUE,TRUE,PKNKLRKHDTMTFDA,CHAR,44152,15,CHAR,CHAR,TCR,CHAR,CHAR
cell_68,TRUE,CHAR,TRUE,697,TRB,CHAR,CHAR,CHAR,CHAR,TRUE,TRUE,WPLIGLKNFCLHHPE,CHAR,44152,15,CHAR,CHAR,TCR,CHAR,CHAR
cell_69,TRUE,CHAR,TRUE,697,TRA,CHAR,CHAR,CHAR,CHAR,TRUE,TRUE,RAWYISTSLMNAYYR,CHAR,44152,15,CHAR,CHAR,TCR,CHAR,CHAR
cell_69,TRUE,CHAR,TRUE,697,TRB,CHAR,CHAR,CHAR,CHAR,TRUE,TRUE,YDCTVQGCYNMGYYH,CHAR,44152,15,CHAR,CHAR,TCR,CHAR,CHAR
cell_70,TRUE,CHAR,TRUE,697,TRA,CHAR,CHAR,CHAR,CHAR,TRUE,TRUE,EETKLVIPCVWAPYW,CHAR,44152,15,CHAR,CHAR,TCR,CHAR,CHAR
cell_70,TRUE,CHAR,TRUE,697,TRB,CHAR,CHAR,CHAR,CHAR,TRUE,TRUE,AKWGNEWREDWHDEL,CHAR,44152,15,CHAR,CHAR,TCR,CHAR,CHAR
cell_71,TRUE,CHAR,TRUE,697,TRA,CHAR,CHAR,CHAR,CHAR,TRUE,TRUE,HISWHLIMGLTQQEK,CHAR,44152,15,CHAR,CHAR,TCR,CHAR,CHAR
cell_71,TRUE,CHAR,TRUE,697,TRA,CHAR,CHAR,CHAR,CHAR,TRUE,TRUE,AMTLCYKILCWNNPL,CHAR,44152,15,CHAR,CHAR,TCR,CHAR,CHAR
cell_71,TRUE,CHAR,TRUE,697,TRB,CHAR,CHAR,CHAR,CHAR,TRUE,TRUE,TCMFYPACLMCGALF,CHAR,44152,15,CHAR,CHAR,TCR,CHAR,CHAR
cell_71,TRUE,CHAR,TRUE,697,TRB,CHAR,CHAR,CHAR,CHAR,TRUE,TRUE,NDGAQYIYNMDSGHG,CHAR,44152,15,CHAR,CHAR,TCR,CHAR,CHAR
cell_72,TRUE,CHAR,TRUE,697,TRA,CHAR,CHAR,CHAR,CHAR,TRUE,TRUE,SCQTGEGNVRYAIGS,CHAR,44152,15,CHAR,CHAR,TCR,CHAR,CHAR
cell_72,TRUE,CHAR,TRUE,697,TRB,CHAR,CHAR,CHAR,CHAR,TRUE,TRUE,FYWAINMMKREIMDS,CHAR,44152,15,CHAR,CHAR,TCR,CHAR,CHAR
cell_73,TRUE,CHAR,TRUE,697,TRA,CHAR,CHAR,CHAR,CHAR,TRUE,TRUE,MSAVACMYMINEHGP,CHAR,44152,15,CHAR,CHAR,TCR,CHAR,CHAR
cell_73,TRUE,CHAR,TRUE,697,TRB,CHAR,CHAR,CHAR,CHAR,TRUE,TRUE,CLACLVLDNKWHFRQ,CHAR,44152,15,CHAR,CHAR,TCR,CHAR,CHAR
cell_73,TRUE,CHAR,TRUE,697,TRB,CHAR,CHAR,CHAR,CHAR,TRUE,TRUE,RCMVRGAFSAKHSYE,CHAR,44152,15,CHAR,CHAR,TCR,CHAR,CHAR
cell_74,TRUE,CHAR,TRUE,697,TRA,CHAR,CHAR,CHAR,CHAR,TRUE,TRUE,RIDKVEQYYQLFSWK,CHAR,44152,15,CHAR,CHAR,TCR,CHAR,CHAR
cell_74,TRUE,CHAR,TRUE,697,TRB,CHAR,CHAR,CHAR,CHAR,TRUE,TRUE,WVPRGVCIFMSQYLS,CHAR,44152,15,CHAR,CHAR,TCR,CHAR,CHAR
cell_75,TRUE,CHAR,TRUE,697,TRA,CHAR,CHAR,CHAR,CHAR,TRUE,TRUE,TGNALPFEFMEFYMM,CHAR,44152,15,CHAR,CHAR,TCR,CHAR,CHAR
cell_75,TRUE,CHAR,TRUE,697,TRA,CHAR,CHAR,CHAR,CHAR,TRUE,TRUE,GHQFQHNWLVRSMCK,CHAR,44152,15,CHAR,CHAR,TCR,CHAR,CHAR
cell_75,TRUE,CHAR,TRUE,697,TRB,CHAR,CHAR,CHAR,CHAR,TRUE,TRUE,RKQNVMVYTKQIYVR,CHAR,44152,15,CHAR,CHAR,TCR,CHAR,CHAR
cell_76,TRUE,CHAR,TRUE,697,TRA,CHAR,CHAR,CHAR,CHAR,TRUE,TRUE,KWDPNKCKSLLLHCW,CHAR,44152,15,CHAR,CHAR,TCR,CHAR,CHAR
cell_76,TRUE,CHAR,TRUE,697,TRB,CHAR,CHAR,CHAR,CHAR,TRUE,TRUE,WIGMNQQYIKIHAGQ,CHAR,44152,15,CHAR,CHAR,TCR,CHAR,CHAR
cell_77,TRUE,CHAR,TRUE,697,TRA,CHAR,CHAR,CHAR,CHAR,TRUE,TRUE,VVRQKMDTMTFPHKR,CHAR,44152,15,CHAR,CHAR,TCR,CHAR,CHAR
cell_77,TRUE,CHAR,TRUE,697,TRB,CHAR,CHAR,CHAR,CHAR,TRUE,TRUE,NQKNVMDREYPSDGM,CHAR,44152,15,CHAR,CHAR,TCR,CHAR,CHAR
cell_78,TRUE,CHAR,TRUE,697,TRA,CHAR,CHAR,CHAR,CHAR,TRUE,TRUE,DGLDIKYTGAFIVDH,CHAR,44152,15,CHAR,CHAR,TCR,CHAR,CHAR
cell_78,TRUE,CHAR,TRUE,697,TRB,CHAR,CHAR,CHAR,CHAR,TRUE,TRUE,MVGWRTDHSPIHMKV,CHAR,44152,15,CHAR,CHAR,TCR,CHAR,CHAR
cell_78,TRUE,CHAR,TRUE,697,TRB,CHAR,CHAR,CHAR,CHAR,TRUE,TRUE,HNADNYTCVSRCHSM,CHAR,44152,15,CHAR,CHAR,TCR,CHAR,CHAR
cell_79,TRUE,CHAR,TRUE,697,TRA,CHAR,CHAR,CHAR,CHAR,TRUE,TRUE,DPSDLVNESSNPTHE,CHAR,44152,15,CHAR,CHAR,TCR,CHAR,CHAR
cell_79,TRUE,CHAR,TRUE,697,TRA,CHAR,CHAR,CHAR,CHAR,TRUE,TRUE,INLYEILQGLLKGHR,CHAR,44152,15,CHAR,CHAR,TCR,CHAR,CHAR
cell_79,TRUE,CHAR,TRUE,697,TRB,CHAR,CHAR,CHAR,CHAR,TRUE,TRUE,FYWAINMMKREIMDS,CHAR,44152,15,CHAR,CHAR,TCR,CHAR,CHAR
cell_80,TRUE,CHAR,TRUE,697,TRA,CHAR,CHAR,CHAR,CHAR,TRUE,TRUE,YMDMDRQSKRIFLWI,CHAR,44152,15,CHAR,CHAR,TCR,CHAR,CHAR
cell_80,TRUE,CHAR,TRUE,697,TRB,CHAR,CHAR,CHAR,CHAR,TRUE,TRUE,LIRDYPHCGWEIGQV,CHAR,44152,15,CHAR,CHAR,TCR,CHAR,CHAR
cell_83,TRUE,CHAR,TRUE,697,TRA,CHAR,CHAR,CHAR,CHAR,TRUE,TRUE,LLNPERNNQDWDSDE,CHAR,44152,15,CHAR,CHAR,TCR,CHAR,CHAR
cell_83,TRUE,CHAR,TRUE,697,TRB,CHAR,CHAR,CHAR,CHAR,TRUE,TRUE,GCDFCHHLGTTAHFA,CHAR,44152,15,CHAR,CHAR,TCR,CHAR,CHAR
cell_86,TRUE,CHAR,TRUE,697,TRA,CHAR,CHAR,CHAR,CHAR,TRUE,TRUE,GDWIYSTWFQHKGGA,CHAR,44152,15,CHAR,CHAR,TCR,CHAR,CHAR
cell_86,TRUE,CHAR,TRUE,697,TRB,CHAR,CHAR,CHAR,CHAR,TRUE,TRUE,SFGNACNRQQFKQMM,CHAR,44152,15,CHAR,CHAR,TCR,CHAR,CHAR
cell_86,TRUE,CHAR,TRUE,697,TRB,CHAR,CHAR,CHAR,CHAR,TRUE,TRUE,SRPCCSPWMRNDRNY,CHAR,44152,15,CHAR,CHAR,TCR,CHAR,CHAR
cell_87,TRUE,CHAR,TRUE,697,TRA,CHAR,CHAR,CHAR,CHAR,TRUE,TRUE,PDESYGIRDVHRSVQ,CHAR,44152,15,CHAR,CHAR,TCR,CHAR,CHAR
cell_87,TRUE,CHAR,TRUE,697,TRB,CHAR,CHAR,CHAR,CHAR,TRUE,TRUE,QNPCTWMAQPISSLS,CHAR,44152,15,CHAR,CHAR,TCR,CHAR,CHAR
cell_88,TRUE,CHAR,TRUE,697,TRA,CHAR,CHAR,CHAR,CHAR,TRUE,TRUE,YMDMDRQSKRIFLWI,CHAR,44152,15,CHAR,CHAR,TCR,CHAR,CHAR
cell_88,TRUE,CHAR,TRUE,697,TRA,CHAR,CHAR,CHAR,CHAR,TRUE,TRUE,EEWNWTENAIRMRND,CHAR,44152,15,CHAR,CHAR,TCR,CHAR,CHAR
cell_88,TRUE,CHAR,TRUE,697,TRB,CHAR,CHAR,CHAR,CHAR,TRUE,TRUE,AANNDMSVCMKNSML,CHAR,44152,15,CHAR,CHAR,TCR,CHAR,CHAR
cell_89,TRUE,CHAR,TRUE,697,TRA,CHAR,CHAR,CHAR,CHAR,TRUE,TRUE,FSCQKVGELWQEDFL,CHAR,44152,15,CHAR,CHAR,TCR,CHAR,CHAR
cell_89,TRUE,CHAR,TRUE,697,TRB,CHAR,CHAR,CHAR,CHAR,TRUE,TRUE,HVTPSRWEPNEECEA,CHAR,44152,15,CHAR,CHAR,TCR,CHAR,CHAR
cell_90,TRUE,CHAR,TRUE,697,TRA,CHAR,CHAR,CHAR,CHAR,TRUE,TRUE,HISWHLIMGLTQQEK,CHAR,44152,15,CHAR,CHAR,TCR,CHAR,CHAR
cell_90,TRUE,CHAR,TRUE,697,TRB,CHAR,CHAR,CHAR,CHAR,TRUE,TRUE,STYFPRRFADHAWNK,CHAR,44152,15,CHAR,CHAR,TCR,CHAR,CHAR
cell_91,TRUE,CHAR,TRUE,697,TRA,CHAR,CHAR,CHAR,CHAR,TRUE,TRUE,DGRTLIMRVCYMMGN,CHAR,44152,15,CHAR,CHAR,TCR,CHAR,CHAR
cell_91,TRUE,CHAR,TRUE,697,TRA,CHAR,CHAR,CHAR,CHAR,TRUE,TRUE,CSFCMQDEGVCYLQW,CHAR,44152,15,CHAR,CHAR,TCR,CHAR,CHAR
cell_91,TRUE,CHAR,TRUE,697,TRB,CHAR,CHAR,CHAR,CHAR,TRUE,TRUE,WPLIGLKNFCLHHPE,CHAR,44152,15,CHAR,CHAR,TCR,CHAR,CHAR
cell_92,TRUE,CHAR,TRUE,697,TRA,CHAR,CHAR,CHAR,CHAR,TRUE,TRUE,PTQYFHYKGDMGTKA,CHAR,44152,15,CHAR,CHAR,TCR,CHAR,CHAR
cell_92,TRUE,CHAR,TRUE,697,TRA,CHAR,CHAR,CHAR,CHAR,TRUE,TRUE,CSFCMQDEGVCYLQW,CHAR,44152,15,CHAR,CHAR,TCR,CHAR,CHAR
cell_92,TRUE,CHAR,TRUE,697,TRB,CHAR,CHAR,CHAR,CHAR,TRUE,TRUE,FYWAINMMKREIMDS,CHAR,44152,15,CHAR,CHAR,TCR,CHAR,CHAR
cell_93,TRUE,CHAR,TRUE,697,TRA,CHAR,CHAR,CHAR,CHAR,TRUE,TRUE,MYYAMADCFRKCSIP,CHAR,44152,15,CHAR,CHAR,TCR,CHAR,CHAR
cell_93,TRUE,CHAR,TRUE,697,TRB,CHAR,CHAR,CHAR,CHAR,TRUE,TRUE,HETLQNNYPLPCGGM,CHAR,44152,15,CHAR,CHAR,TCR,CHAR,CHAR
cell_94,TRUE,CHAR,TRUE,697,TRA,CHAR,CHAR,CHAR,CHAR,TRUE,TRUE,VWEPWFDRLYFYYQW,CHAR,44152,15,CHAR,CHAR,TCR,CHAR,CHAR
cell_94,TRUE,CHAR,TRUE,697,TRB,CHAR,CHAR,CHAR,CHAR,TRUE,TRUE,GCDFCHHLGTTAHFA,CHAR,44152,15,CHAR,CHAR,TCR,CHAR,CHAR
cell_95,TRUE,CHAR,TRUE,697,TRA,CHAR,CHAR,CHAR,CHAR,TRUE,TRUE,ACAAGPSCAELIDWM,CHAR,44152,15,CHAR,CHAR,TCR,CHAR,CHAR
cell_95,TRUE,CHAR,TRUE,697,TRB,CHAR,CHAR,CHAR,CHAR,TRUE,TRUE,RKQNVMVYTKQIYVR,CHAR,44152,15,CHAR,CHAR,TCR,CHAR,CHAR
cell_95,TRUE,CHAR,TRUE,697,TRB,CHAR,CHAR,CHAR,CHAR,TRUE,TRUE,QQRFLVFQVYCTVMN,CHAR,44152,15,CHAR,CHAR,TCR,CHAR,CHAR
cell_96,TRUE,CHAR,TRUE,697,TRB,CHAR,CHAR,CHAR,CHAR,TRUE,TRUE,RVKSDNQNQLPHKSL,CHAR,44152,15,CHAR,CHAR,TCR,CHAR,CHAR
cell_97,TRUE,CHAR,TRUE,697,TRA,CHAR,CHAR,CHAR,CHAR,TRUE,TRUE,MMMMGGKFQERPSES,CHAR,44152,15,CHAR,CHAR,TCR,CHAR,CHAR
cell_97,TRUE,CHAR,TRUE,697,TRB,CHAR,CHAR,CHAR,CHAR,TRUE,TRUE,MVGWRTDHSPIHMKV,CHAR,44152,15,CHAR,CHAR,TCR,CHAR,CHAR
cell_98,TRUE,CHAR,TRUE,697,TRA,CHAR,CHAR,CHAR,CHAR,TRUE,TRUE,HPANDCGQMPVWAWT,CHAR,44152,15,CHAR,CHAR,TCR,CHAR,CHAR
cell_98,TRUE,CHAR,TRUE,697,TRA,CHAR,CHAR,CHAR,CHAR,TRUE,TRUE,TGNALPFEFMEFYMM,CHAR,44152,15,CHAR,CHAR,TCR,CHAR,CHAR
cell_98,TRUE,CHAR,TRUE,697,TRB,CHAR,CHAR,CHAR,CHAR,TRUE,TRUE,FFDRPSLYSTAETHY,CHAR,44152,15,CHAR,CHAR,TCR,CHAR,CHAR
cell_99,TRUE,CHAR,TRUE,697,TRA,CHAR,CHAR,CHAR,CHAR,TRUE,TRUE,DHQHHRDWGQCQVPI,CHAR,44152,15,CHAR,CHAR,TCR,CHAR,CHAR
cell_99,TRUE,CHAR,TRUE,697,TRB,CHAR,CHAR,CHAR,CHAR,TRUE,TRUE,INSPMTRDMDMAKIW,CHAR,44152,15,CHAR,CHAR,TCR,CHAR,CHAR
cell_99,TRUE,CHAR,TRUE,697,TRB,CHAR,CHAR,CHAR,CHAR,TRUE,TRUE,INSPMTRDMDMAKIW,CHAR,44152,15,CHAR,CHAR,TCR,CHAR,CHAR
cell_100,TRUE,CHAR,TRUE,697,TRA,CHAR,CHAR,CHAR,CHAR,TRUE,TRUE,TYNLERVAEDSNHIA,CHAR,44152,15,CHAR,CHAR,TCR,CHAR,CHAR
cell_100,TRUE,CHAR,TRUE,697,TRB,CHAR,CHAR,CHAR,CHAR,TRUE,TRUE,QNPCTWMAQPISSLS,CHAR,44152,15,CHAR,CHAR,TCR,CHAR,CHAR
cell_100,TRUE,CHAR,TRUE,697,TRB,CHAR,CHAR,CHAR,CHAR,TRUE,TRUE,NDGAQYIYNMDSGHG,CHAR,44152,15,CHAR,CHAR,TCR,CHAR,CHAR
cell_101,TRUE,CHAR,TRUE,697,TRA,CHAR,CHAR,CHAR,CHAR,TRUE,TRUE,MQFMPQDQEVMLACQ,CHAR,44152,15,CHAR,CHAR,TCR,CHAR,CHAR
cell_101,TRUE,CHAR,TRUE,697,TRB,CHAR,CHAR,CHAR,CHAR,TRUE,TRUE,ANFSRCTHCYHIVAW,CHAR,44152,15,CHAR,CHAR,TCR,CHAR,CHAR
cell_101,TRUE,CHAR,TRUE,697,TRB,CHAR,CHAR,CHAR,CHAR,TRUE,TRUE,AWIFSIYTPVKLGGY,CHAR,44152,15,CHAR,CHAR,TCR,CHAR,CHAR
cell_102,TRUE,CHAR,TRUE,697,TRA,CHAR,CHAR,CHAR,CHAR,TRUE,TRUE,GWQAAWSHTLEHGAP,CHAR,44152,15,CHAR,CHAR,TCR,CHAR,CHAR
cell_102,TRUE,CHAR,TRUE,697,TRB,CHAR,CHAR,CHAR,CHAR,TRUE,TRUE,WPLIGLKNFCLHHPE,CHAR,44152,15,CHAR,CHAR,TCR,CHAR,CHAR
cell_103,TRUE,CHAR,TRUE,697,TRA,CHAR,CHAR,CHAR,CHAR,TRUE,TRUE,RAWYISTSLMNAYYR,CHAR,44152,15,CHAR,CHAR,TCR,CHAR,CHAR
cell_103,TRUE,CHAR,TRUE,697,TRB,CHAR,CHAR,CHAR,CHAR,TRUE,TRUE,KPQDNDEAWGAQEPS,CHAR,44152,15,CHAR,CHAR,TCR,CHAR,CHAR
cell_104,TRUE,CHAR,TRUE,697,TRA,CHAR,CHAR,CHAR,CHAR,TRUE,TRUE,TSHGKMIASIRMGVP,CHAR,44152,15,CHAR,CHAR,TCR,CHAR,CHAR
cell_104,TRUE,CHAR,TRUE,697,TRB,CHAR,CHAR,CHAR,CHAR,TRUE,TRUE,DPWCVCITTTKYNWW,CHAR,44152,15,CHAR,CHAR,TCR,CHAR,CHAR
cell_106,TRUE,CHAR,TRUE,697,TRA,CHAR,CHAR,CHAR,CHAR,TRUE,TRUE,HYRPCRRTDRELKMN,CHAR,44152,15,CHAR,CHAR,TCR,CHAR,CHAR
cell_106,TRUE,CHAR,TRUE,697,TRA,CHAR,CHAR,CHAR,CHAR,TRUE,TRUE,SQYFPSGPWYKLVGP,CHAR,44152,15,CHAR,CHAR,TCR,CHAR,CHAR
cell_106,TRUE,CHAR,TRUE,697,TRA,CHAR,CHAR,CHAR,CHAR,TRUE,TRUE,RCQKHPTYEGRGTAQ,CHAR,44152,15,CHAR,CHAR,TCR,CHAR,CHAR
cell_106,TRUE,CHAR,TRUE,697,TRB,CHAR,CHAR,CHAR,CHAR,TRUE,TRUE,QQRFLVFQVYCTVMN,CHAR,44152,15,CHAR,CHAR,TCR,CHAR,CHAR
cell_107,TRUE,CHAR,TRUE,697,TRA,CHAR,CHAR,CHAR,CHAR,TRUE,TRUE,MYYAMADCFRKCSIP,CHAR,44152,15,CHAR,CHAR,TCR,CHAR,CHAR
cell_107,TRUE,CHAR,TRUE,697,TRB,CHAR,CHAR,CHAR,CHAR,TRUE,TRUE,HYYMLTRIDRELDSR,CHAR,44152,15,CHAR,CHAR,TCR,CHAR,CHAR
cell_108,TRUE,CHAR,TRUE,697,TRA,CHAR,CHAR,CHAR,CHAR,TRUE,TRUE,TGIRRGWKEDMHACW,CHAR,44152,15,CHAR,CHAR,TCR,CHAR,CHAR
cell_108,TRUE,CHAR,TRUE,697,TRB,CHAR,CHAR,CHAR,CHAR,TRUE,TRUE,LCHVMCRAHYPVTID,CHAR,44152,15,CHAR,CHAR,TCR,CHAR,CHAR
cell_108,TRUE,CHAR,TRUE,697,TRB,CHAR,CHAR,CHAR,CHAR,TRUE,TRUE,GYSCYMHLYDECSIP,CHAR,44152,15,CHAR,CHAR,TCR,CHAR,CHAR
cell_109,TRUE,CHAR,TRUE,697,TRA,CHAR,CHAR,CHAR,CHAR,TRUE,TRUE,MPILNAQFMVAVGQH,CHAR,44152,15,CHAR,CHAR,TCR,CHAR,CHAR
cell_109,TRUE,CHAR,TRUE,697,TRA,CHAR,CHAR,CHAR,CHAR,TRUE,TRUE,YVQMQYFEFMCRGHH,CHAR,44152,15,CHAR,CHAR,TCR,CHAR,CHAR
cell_109,TRUE,CHAR,TRUE,697,TRB,CHAR,CHAR,CHAR,CHAR,TRUE,TRUE,AMYQPPPIGWYACVL,CHAR,44152,15,CHAR,CHAR,TCR,CHAR,CHAR
cell_110,TRUE,CHAR,TRUE,697,TRA,CHAR,CHAR,CHAR,CHAR,TRUE,TRUE,TGNALPFEFMEFYMM,CHAR,44152,15,CHAR,CHAR,TCR,CHAR,CHAR
cell_110,TRUE,CHAR,TRUE,697,TRA,CHAR,CHAR,CHAR,CHAR,TRUE,TRUE,DQMHKWRWQPMVWHN,CHAR,44152,15,CHAR,CHAR,TCR,CHAR,CHAR
cell_110,TRUE,CHAR,TRUE,697,TRB,CHAR,CHAR,CHAR,CHAR,TRUE,TRUE,LDFELKTSMGILLVT,CHAR,44152,15,CHAR,CHAR,TCR,CHAR,CHAR
cell_111,TRUE,CHAR,TRUE,697,TRA,CHAR,CHAR,CHAR,CHAR,TRUE,TRUE,IYGMNTHFCHKCIKK,CHAR,44152,15,CHAR,CHAR,TCR,CHAR,CHAR
cell_111,TRUE,CHAR,TRUE,697,TRA,CHAR,CHAR,CHAR,CHAR,TRUE,TRUE,DHEKCVDYSDDCTSP,CHAR,44152,15,CHAR,CHAR,TCR,CHAR,CHAR
cell_111,TRUE,CHAR,TRUE,697,TRB,CHAR,CHAR,CHAR,CHAR,TRUE,TRUE,RNIIGKPQWMGPQSV,CHAR,44152,15,CHAR,CHAR,TCR,CHAR,CHAR
cell_111,TRUE,CHAR,TRUE,697,TRB,CHAR,CHAR,CHAR,CHAR,TRUE,TRUE,ANFSRCTHCYHIVAW,CHAR,44152,15,CHAR,CHAR,TCR,CHAR,CHAR
cell_114,TRUE,CHAR,TRUE,697,TRA,CHAR,CHAR,CHAR,CHAR,TRUE,TRUE,FWSHHSYDMFCLSCW,CHAR,44152,15,CHAR,CHAR,TCR,CHAR,CHAR
cell_114,TRUE,CHAR,TRUE,697,TRB,CHAR,CHAR,CHAR,CHAR,TRUE,TRUE,STYFPRRFADHAWNK,CHAR,44152,15,CHAR,CHAR,TCR,CHAR,CHAR
cell_115,TRUE,CHAR,TRUE,697,TRA,CHAR,CHAR,CHAR,CHAR,TRUE,TRUE,PGSNFLVMPYRPCYI,CHAR,44152,15,CHAR,CHAR,TCR,CHAR,CHAR
cell_115,TRUE,CHAR,TRUE,697,TRA,CHAR,CHAR,CHAR,CHAR,TRUE,TRUE,CYIWSWSEFIQNEDF,CHAR,44152,15,CHAR,CHAR,TCR,CHAR,CHAR
cell_115,TRUE,CHAR,TRUE,697,TRB,CHAR,CHAR,CHAR,CHAR,TRUE,TRUE,AWIFSIYTPVKLGGY,CHAR,44152,15,CHAR,CHAR,TCR,CHAR,CHAR
cell_117,TRUE,CHAR,TRUE,697,TRA,CHAR,CHAR,CHAR,CHAR,TRUE,TRUE,KYGTKWSKTRVDREL,CHAR,44152,15,CHAR,CHAR,TCR,CHAR,CHAR
cell_117,TRUE,CHAR,TRUE,697,TRB,CHAR,CHAR,CHAR,CHAR,TRUE,TRUE,GAEDRDYINHSPFIY,CHAR,44152,15,CHAR,CHAR,TCR,CHAR,CHAR
cell_117,TRUE,CHAR,TRUE,697,TRB,CHAR,CHAR,CHAR,CHAR,TRUE,TRUE,GYSCYMHLYDECSIP,CHAR,44152,15,CHAR,CHAR,TCR,CHAR,CHAR
cell_118,TRUE,CHAR,TRUE,697,TRA,CHAR,CHAR,CHAR,CHAR,TRUE,TRUE,KWTSTGIRLEWKTEC,CHAR,44152,15,CHAR,CHAR,TCR,CHAR,CHAR
cell_118,TRUE,CHAR,TRUE,697,TRA,CHAR,CHAR,CHAR,CHAR,TRUE,TRUE,TSMPCCYNHQMPDSS,CHAR,44152,15,CHAR,CHAR,TCR,CHAR,CHAR
cell_118,TRUE,CHAR,TRUE,697,TRB,CHAR,CHAR,CHAR,CHAR,TRUE,TRUE,SRPCCSPWMRNDRNY,CHAR,44152,15,CHAR,CHAR,TCR,CHAR,CHAR
cell_118,TRUE,CHAR,TRUE,697,TRB,CHAR,CHAR,CHAR,CHAR,TRUE,TRUE,ATNRFQSPAIACRGL,CHAR,44152,15,CHAR,CHAR,TCR,CHAR,CHAR
cell_119,TRUE,CHAR,TRUE,697,TRA,CHAR,CHAR,CHAR,CHAR,TRUE,TRUE,SAYEVKLQYDTFPMV,CHAR,44152,15,CHAR,CHAR,TCR,CHAR,CHAR
cell_119,TRUE,CHAR,TRUE,697,TRB,CHAR,CHAR,CHAR,CHAR,TRUE,TRUE,LIITVERNDSSDYDN,CHAR,44152,15,CHAR,CHAR,TCR,CHAR,CHAR
cell_120,TRUE,CHAR,TRUE,697,TRA,CHAR,CHAR,CHAR,CHAR,TRUE,TRUE,HYRPCRRTDRELKMN,CHAR,44152,15,CHAR,CHAR,TCR,CHAR,CHAR
cell_120,TRUE,CHAR,TRUE,697,TRB,CHAR,CHAR,CHAR,CHAR,TRUE,TRUE,QDTFWVMRKQEKRRP,CHAR,44152,15,CHAR,CHAR,TCR,CHAR,CHAR
cell_121,TRUE,CHAR,TRUE,697,TRA,CHAR,CHAR,CHAR,CHAR,TRUE,TRUE,KTLVNASQSPSSQQI,CHAR,44152,15,CHAR,CHAR,TCR,CHAR,CHAR
cell_121,TRUE,CHAR,TRUE,697,TRB,CHAR,CHAR,CHAR,CHAR,TRUE,TRUE,YGVWCNENPIDYLWP,CHAR,44152,15,CHAR,CHAR,TCR,CHAR,CHAR
cell_122,TRUE,CHAR,TRUE,697,TRA,CHAR,CHAR,CHAR,CHAR,TRUE,TRUE,AFPFATTEINSRCNI,CHAR,44152,15,CHAR,CHAR,TCR,CHAR,CHAR
cell_122,TRUE,CHAR,TRUE,697,TRB,CHAR,CHAR,CHAR,CHAR,TRUE,TRUE,HVTPSRWEPNEECEA,CHAR,44152,15,CHAR,CHAR,TCR,CHAR,CHAR
cell_123,TRUE,CHAR,TRUE,697,TRA,CHAR,CHAR,CHAR,CHAR,TRUE,TRUE,DPSDLVNESSNPTHE,CHAR,44152,15,CHAR,CHAR,TCR,CHAR,CHAR
cell_123,TRUE,CHAR,TRUE,697,TRB,CHAR,CHAR,CHAR,CHAR,TRUE,TRUE,CRRWITICCIYFADS,CHAR,44152,15,CHAR,CHAR,TCR,CHAR,CHAR
cell_124,TRUE,CHAR,TRUE,697,TRA,CHAR,CHAR,CHAR,CHAR,TRUE,TRUE,NRSAWRLNMGCYTAL,CHAR,44152,15,CHAR,CHAR,TCR,CHAR,CHAR
cell_124,TRUE,CHAR,TRUE,697,TRA,CHAR,CHAR,CHAR,CHAR,TRUE,TRUE,CYIWSWSEFIQNEDF,CHAR,44152,15,CHAR,CHAR,TCR,CHAR,CHAR
cell_124,TRUE,CHAR,TRUE,697,TRA,CHAR,CHAR,CHAR,CHAR,TRUE,TRUE,NCHTKTGFSRFLIRT,CHAR,44152,15,CHAR,CHAR,TCR,CHAR,CHAR
cell_124,TRUE,CHAR,TRUE,697,TRB,CHAR,CHAR,CHAR,CHAR,TRUE,TRUE,SSEFWMHADLKIFMC,CHAR,44152,15,CHAR,CHAR,TCR,CHAR,CHAR
cell_125,TRUE,CHAR,TRUE,697,TRA,CHAR,CHAR,CHAR,CHAR,TRUE,TRUE,PFVHTMQTCSGPWLH,CHAR,44152,15,CHAR,CHAR,TCR,CHAR,CHAR
cell_125,TRUE,CHAR,TRUE,697,TRA,CHAR,CHAR,CHAR,CHAR,TRUE,TRUE,SQYFPSGPWYKLVGP,CHAR,44152,15,CHAR,CHAR,TCR,CHAR,CHAR
cell_125,TRUE,CHAR,TRUE,697,TRB,CHAR,CHAR,CHAR,CHAR,TRUE,TRUE,TIRPYCGYYFILRMF,CHAR,44152,15,CHAR,CHAR,TCR,CHAR,CHAR
cell_126,TRUE,CHAR,TRUE,697,TRA,CHAR,CHAR,CHAR,CHAR,TRUE,TRUE,AVGMAQRITDPPTRP,CHAR,44152,15,CHAR,CHAR,TCR,CHAR,CHAR
cell_126,TRUE,CHAR,TRUE,697,TRA,CHAR,CHAR,CHAR,CHAR,TRUE,TRUE,RNMNFESKIPIGLII,CHAR,44152,15,CHAR,CHAR,TCR,CHAR,CHAR
cell_126,TRUE,CHAR,TRUE,697,TRB,CHAR,CHAR,CHAR,CHAR,TRUE,TRUE,KAAPRMNCQIRREHG,CHAR,44152,15,CHAR,CHAR,TCR,CHAR,CHAR
cell_127,TRUE,CHAR,TRUE,697,TRA,CHAR,CHAR,CHAR,CHAR,TRUE,TRUE,DWFFMDVPCFHHFPA,CHAR,44152,15,CHAR,CHAR,TCR,CHAR,CHAR
cell_127,TRUE,CHAR,TRUE,697,TRB,CHAR,CHAR,CHAR,CHAR,TRUE,TRUE,AVWYPYYYEPHAPMR,CHAR,44152,15,CHAR,CHAR,TCR,CHAR,CHAR
cell_128,TRUE,CHAR,TRUE,697,TRA,CHAR,CHAR,CHAR,CHAR,TRUE,TRUE,VMLNYTPRFINLIEI,CHAR,44152,15,CHAR,CHAR,TCR,CHAR,CHAR
cell_128,TRUE,CHAR,TRUE,697,TRB,CHAR,CHAR,CHAR,CHAR,TRUE,TRUE,LVDQMIPTQWQCEKP,CHAR,44152,15,CHAR,CHAR,TCR,CHAR,CHAR
cell_129,TRUE,CHAR,TRUE,697,TRA,CHAR,CHAR,CHAR,CHAR,TRUE,TRUE,EWDMDFQDKCEIDCR,CHAR,44152,15,CHAR,CHAR,TCR,CHAR,CHAR
cell_129,TRUE,CHAR,TRUE,697,TRB,CHAR,CHAR,CHAR,CHAR,TRUE,TRUE,YPLWALFYEHYYCHW,CHAR,44152,15,CHAR,CHAR,TCR,CHAR,CHAR
cell_130,TRUE,CHAR,TRUE,697,TRA,CHAR,CHAR,CHAR,CHAR,TRUE,TRUE,CWQVLEWDADSQYEV,CHAR,44152,15,CHAR,CHAR,TCR,CHAR,CHAR
cell_130,TRUE,CHAR,TRUE,697,TRB,CHAR,CHAR,CHAR,CHAR,TRUE,TRUE,TAFIHFLIFKWMKGC,CHAR,44152,15,CHAR,CHAR,TCR,CHAR,CHAR
cell_130,TRUE,CHAR,TRUE,697,TRB,CHAR,CHAR,CHAR,CHAR,TRUE,TRUE,GCDFCHHLGTTAHFA,CHAR,44152,15,CHAR,CHAR,TCR,CHAR,CHAR
cell_131,TRUE,CHAR,TRUE,697,TRA,CHAR,CHAR,CHAR,CHAR,TRUE,TRUE,GHHTVIDSPSFMLYA,CHAR,44152,15,CHAR,CHAR,TCR,CHAR,CHAR
cell_131,TRUE,CHAR,TRUE,697,TRB,CHAR,CHAR,CHAR,CHAR,TRUE,TRUE,STYFPRRFADHAWNK,CHAR,44152,15,CHAR,CHAR,TCR,CHAR,CHAR
cell_131,TRUE,CHAR,TRUE,697,TRB,CHAR,CHAR,CHAR,CHAR,TRUE,TRUE,WQLYQVQGWCWNEQQ,CHAR,44152,15,CHAR,CHAR,TCR,CHAR,CHAR
cell_132,TRUE,CHAR,TRUE,697,TRA,CHAR,CHAR,CHAR,CHAR,TRUE,TRUE,MPILNAQFMVAVGQH,CHAR,44152,15,CHAR,CHAR,TCR,CHAR,CHAR
cell_132,TRUE,CHAR,TRUE,697,TRB,CHAR,CHAR,CHAR,CHAR,TRUE,TRUE,QNPCTWMAQPISSLS,CHAR,44152,15,CHAR,CHAR,TCR,CHAR,CHAR
cell_134,TRUE,CHAR,TRUE,697,TRA,CHAR,CHAR,CHAR,CHAR,TRUE,TRUE,KLIAHPDIIKLFKLL,CHAR,44152,15,CHAR,CHAR,TCR,CHAR,CHAR
cell_134,TRUE,CHAR,TRUE,697,TRB,CHAR,CHAR,CHAR,CHAR,TRUE,TRUE,TKKHVAVRECQVMFY,CHAR,44152,15,CHAR,CHAR,TCR,CHAR,CHAR
cell_134,TRUE,CHAR,TRUE,697,TRB,CHAR,CHAR,CHAR,CHAR,TRUE,TRUE,AMYQPPPIGWYACVL,CHAR,44152,15,CHAR,CHAR,TCR,CHAR,CHAR
cell_135,TRUE,CHAR,TRUE,697,TRA,CHAR,CHAR,CHAR,CHAR,TRUE,TRUE,HPANDCGQMPVWAWT,CHAR,44152,15,CHAR,CHAR,TCR,CHAR,CHAR
cell_135,TRUE,CHAR,TRUE,697,TRB,CHAR,CHAR,CHAR,CHAR,TRUE,TRUE,ERCSNGAWSIRMSQW,CHAR,44152,15,CHAR,CHAR,TCR,CHAR,CHAR
cell_136,TRUE,CHAR,TRUE,697,TRA,CHAR,CHAR,CHAR,CHAR,TRUE,TRUE,INLYEILQGLLKGHR,CHAR,44152,15,CHAR,CHAR,TCR,CHAR,CHAR
cell_136,TRUE,CHAR,TRUE,697,TRB,CHAR,CHAR,CHAR,CHAR,TRUE,TRUE,YRSLHRHNGTIDNVQ,CHAR,44152,15,CHAR,CHAR,TCR,CHAR,CHAR
cell_137,TRUE,CHAR,TRUE,697,TRA,CHAR,CHAR,CHAR,CHAR,TRUE,TRUE,DQMHKWRWQPMVWHN,CHAR,44152,15,CHAR,CHAR,TCR,CHAR,CHAR
cell_137,TRUE,CHAR,TRUE,697,TRA,CHAR,CHAR,CHAR,CHAR,TRUE,TRUE,IVQYLKTKKYSSWAG,CHAR,44152,15,CHAR,CHAR,TCR,CHAR,CHAR
cell_137,TRUE,CHAR,TRUE,697,TRB,CHAR,CHAR,CHAR,CHAR,TRUE,TRUE,WPLIGLKNFCLHHPE,CHAR,44152,15,CHAR,CHAR,TCR,CHAR,CHAR
cell_139,TRUE,CHAR,TRUE,697,TRA,CHAR,CHAR,CHAR,CHAR,TRUE,TRUE,STHLHYCTMSIWGER,CHAR,44152,15,CHAR,CHAR,TCR,CHAR,CHAR
cell_139,TRUE,CHAR,TRUE,697,TRB,CHAR,CHAR,CHAR,CHAR,TRUE,TRUE,VTSHQFANTECVCPT,CHAR,44152,15,CHAR,CHAR,TCR,CHAR,CHAR
cell_140,TRUE,CHAR,TRUE,697,TRA,CHAR,CHAR,CHAR,CHAR,TRUE,TRUE,TGIRRGWKEDMHACW,CHAR,44152,15,CHAR,CHAR,TCR,CHAR,CHAR
cell_140,TRUE,CHAR,TRUE,697,TRA,CHAR,CHAR,CHAR,CHAR,TRUE,TRUE,CWQVLEWDADSQYEV,CHAR,44152,15,CHAR,CHAR,TCR,CHAR,CHAR
cell_140,TRUE,CHAR,TRUE,697,TRB,CHAR,CHAR,CHAR,CHAR,TRUE,TRUE,LVDQMIPTQWQCEKP,CHAR,44152,15,CHAR,CHAR,TCR,CHAR,CHAR
cell_141,TRUE,CHAR,TRUE,697,TRA,CHAR,CHAR,CHAR,CHAR,TRUE,TRUE,VWEPWFDRLYFYYQW,CHAR,44152,15,CHAR,CHAR,TCR,CHAR,CHAR
cell_141,TRUE,CHAR,TRUE,697,TRA,CHAR,CHAR,CHAR,CHAR,TRUE,TRUE,CDMCYDQMNGWYHMT,CHAR,44152,15,CHAR,CHAR,TCR,CHAR,CHAR
cell_141,TRUE,CHAR,TRUE,697,TRB,CHAR,CHAR,CHAR,CHAR,TRUE,TRUE,WQLYQVQGWCWNEQQ,CHAR,44152,15,CHAR,CHAR,TCR,CHAR,CHAR
cell_142,TRUE,CHAR,TRUE,697,TRA,CHAR,CHAR,CHAR,CHAR,TRUE,TRUE,PTQYFHYKGDMGTKA,CHAR,44152,15,CHAR,CHAR,TCR,CHAR,CHAR
cell_142,TRUE,CHAR,TRUE,697,TRB,CHAR,CHAR,CHAR,CHAR,TRUE,TRUE,ESIVNFTMNREWCFG,CHAR,44152,15,CHAR,CHAR,TCR,CHAR,CHAR
cell_143,TRUE,CHAR,TRUE,697,TRA,CHAR,CHAR,CHAR,CHAR,TRUE,TRUE,TWWLYPNPTSAVDWN,CHAR,44152,15,CHAR,CHAR,TCR,CHAR,CHAR
cell_143,TRUE,CHAR,TRUE,697,TRA,CHAR,CHAR,CHAR,CHAR,TRUE,TRUE,NRSAWRLNMGCYTAL,CHAR,44152,15,CHAR,CHAR,TCR,CHAR,CHAR
cell_143,TRUE,CHAR,TRUE,697,TRB,CHAR,CHAR,CHAR,CHAR,TRUE,TRUE,RIAAIWLFMQWGAPC,CHAR,44152,15,CHAR,CHAR,TCR,CHAR,CHAR
cell_143,TRUE,CHAR,TRUE,697,TRB,CHAR,CHAR,CHAR,CHAR,TRUE,TRUE,KPSANFIWKPMVWEC,CHAR,44152,15,CHAR,CHAR,TCR,CHAR,CHAR
cell_144,TRUE,CHAR,TRUE,697,TRA,CHAR,CHAR,CHAR,CHAR,TRUE,TRUE,YNAPYFGIQIKPCAI,CHAR,44152,15,CHAR,CHAR,TCR,CHAR,CHAR
cell_144,TRUE,CHAR,TRUE,697,TRB,CHAR,CHAR,CHAR,CHAR,TRUE,TRUE,WQEQFTSIFEQHEGS,CHAR,44152,15,CHAR,CHAR,TCR,CHAR,CHAR
cell_144,TRUE,CHAR,TRUE,697,TRB,CHAR,CHAR,CHAR,CHAR,TRUE,TRUE,HYYMLTRIDRELDSR,CHAR,44152,15,CHAR,CHAR,TCR,CHAR,CHAR
cell_144,TRUE,CHAR,TRUE,697,TRB,CHAR,CHAR,CHAR,CHAR,TRUE,TRUE,NPPMWAHLGWAHMTT,CHAR,44152,15,CHAR,CHAR,TCR,CHAR,CHAR
cell_146,TRUE,CHAR,TRUE,697,TRA,CHAR,CHAR,CHAR,CHAR,TRUE,TRUE,NRSAWRLNMGCYTAL,CHAR,44152,15,CHAR,CHAR,TCR,CHAR,CHAR
cell_146,TRUE,CHAR,TRUE,697,TRB,CHAR,CHAR,CHAR,CHAR,TRUE,TRUE,NARHIRVDLRPSPTF,CHAR,44152,15,CHAR,CHAR,TCR,CHAR,CHAR
cell_146,TRUE,CHAR,TRUE,697,TRB,CHAR,CHAR,CHAR,CHAR,TRUE,TRUE,ERCSNGAWSIRMSQW,CHAR,44152,15,CHAR,CHAR,TCR,CHAR,CHAR
cell_147,TRUE,CHAR,TRUE,697,TRA,CHAR,CHAR,CHAR,CHAR,TRUE,TRUE,RCQKHPTYEGRGTAQ,CHAR,44152,15,CHAR,CHAR,TCR,CHAR,CHAR
cell_147,TRUE,CHAR,TRUE,697,TRB,CHAR,CHAR,CHAR,CHAR,TRUE,TRUE,PIMPMFSFDPNDGLW,CHAR,44152,15,CHAR,CHAR,TCR,CHAR,CHAR
cell_147,TRUE,CHAR,TRUE,697,TRB,CHAR,CHAR,CHAR,CHAR,TRUE,TRUE,RVSWIEMNALDRMSS,CHAR,44152,15,CHAR,CHAR,TCR,CHAR,CHAR
cell_148,TRUE,CHAR,TRUE,697,TRA,CHAR,CHAR,CHAR,CHAR,TRUE,TRUE,NFESTYKMPVYFVYW,CHAR,44152,15,CHAR,CHAR,TCR,CHAR,CHAR
cell_148,TRUE,CHAR,TRUE,697,TRB,CHAR,CHAR,CHAR,CHAR,TRUE,TRUE,YLYMFKCMIMFVCSW,CHAR,44152,15,CHAR,CHAR,TCR,CHAR,CHAR
cell_149,TRUE,CHAR,TRUE,697,TRA,CHAR,CHAR,CHAR,CHAR,TRUE,TRUE,FDQQTPASCKNRPVR,CHAR,44152,15,CHAR,CHAR,TCR,CHAR,CHAR
cell_149,TRUE,CHAR,TRUE,697,TRB,CHAR,CHAR,CHAR,CHAR,TRUE,TRUE,PMNPCSMGDWTDGPT,CHAR,44152,15,CHAR,CHAR,TCR,CHAR,CHAR
cell_149,TRUE,CHAR,TRUE,697,TRB,CHAR,CHAR,CHAR,CHAR,TRUE,TRUE,KPQDNDEAWGAQEPS,CHAR,44152,15,CHAR,CHAR,TCR,CHAR,CHAR
cell_150,TRUE,CHAR,TRUE,697,TRA,CHAR,CHAR,CHAR,CHAR,TRUE,TRUE,PYVTQHSVSGYQLLF,CHAR,44152,15,CHAR,CHAR,TCR,CHAR,CHAR
cell_150,TRUE,CHAR,TRUE,697,TRB,CHAR,CHAR,CHAR,CHAR,TRUE,TRUE,INSPMTRDMDMAKIW,CHAR,44152,15,CHAR,CHAR,TCR,CHAR,CHAR
cell_151,TRUE,CHAR,TRUE,697,TRA,CHAR,CHAR,CHAR,CHAR,TRUE,TRUE,ITITEQSAPGWMLMK,CHAR,44152,15,CHAR,CHAR,TCR,CHAR,CHAR
cell_151,TRUE,CHAR,TRUE,697,TRB,CHAR,CHAR,CHAR,CHAR,TRUE,TRUE,MMDYSMTPATKGCVQ,CHAR,44152,15,CHAR,CHAR,TCR,CHAR,CHAR
cell_151,TRUE,CHAR,TRUE,697,TRB,CHAR,CHAR,CHAR,CHAR,TRUE,TRUE,INSPMTRDMDMAKIW,CHAR,44152,15,CHAR,CHAR,TCR,CHAR,CHAR
cell_153,TRUE,CHAR,TRUE,697,TRA,CHAR,CHAR,CHAR,CHAR,TRUE,TRUE,PTIWPKMVDIHYMLA,CHAR,44152,15,CHAR,CHAR,TCR,CHAR,CHAR
cell_153,TRUE,CHAR,TRUE,697,TRB,CHAR,CHAR,CHAR,CHAR,TRUE,TRUE,AMYQPPPIGWYACVL,CHAR,44152,15,CHAR,CHAR,TCR,CHAR,CHAR
cell_154,TRUE,CHAR,TRUE,697,TRB,CHAR,CHAR,CHAR,CHAR,TRUE,TRUE,SSEFWMHADLKIFMC,CHAR,44152,15,CHAR,CHAR,TCR,CHAR,CHAR
cell_155,TRUE,CHAR,TRUE,697,TRA,CHAR,CHAR,CHAR,CHAR,TRUE,TRUE,GYENNFPCDAEAFWG,CHAR,44152,15,CHAR,CHAR,TCR,CHAR,CHAR
cell_155,TRUE,CHAR,TRUE,697,TRB,CHAR,CHAR,CHAR,CHAR,TRUE,TRUE,FCWGPNAFCCHSEFH,CHAR,44152,15,CHAR,CHAR,TCR,CHAR,CHAR
cell_156,TRUE,CHAR,TRUE,697,TRA,CHAR,CHAR,CHAR,CHAR,TRUE,TRUE,DGLDIKYTGAFIVDH,CHAR,44152,15,CHAR,CHAR,TCR,CHAR,CHAR
cell_156,TRUE,CHAR,TRUE,697,TRB,CHAR,CHAR,CHAR,CHAR,TRUE,TRUE,MLDCEFDCWLARANL,CHAR,44152,15,CHAR,CHAR,TCR,CHAR,CHAR
cell_157,TRUE,CHAR,TRUE,697,TRA,CHAR,CHAR,CHAR,CHAR,TRUE,TRUE,ATEDSTQWSCNPEAA,CHAR,44152,15,CHAR,CHAR,TCR,CHAR,CHAR
cell_157,TRUE,CHAR,TRUE,697,TRA,CHAR,CHAR,CHAR,CHAR,TRUE,TRUE,QDYGWLMWYEELDDQ,CHAR,44152,15,CHAR,CHAR,TCR,CHAR,CHAR
cell_157,TRUE,CHAR,TRUE,697,TRB,CHAR,CHAR,CHAR,CHAR,TRUE,TRUE,FDDRGEVAICTCNGK,CHAR,44152,15,CHAR,CHAR,TCR,CHAR,CHAR
cell_158,TRUE,CHAR,TRUE,697,TRA,CHAR,CHAR,CHAR,CHAR,TRUE,TRUE,TWWLYPNPTSAVDWN,CHAR,44152,15,CHAR,CHAR,TCR,CHAR,CHAR
cell_158,TRUE,CHAR,TRUE,697,TRA,CHAR,CHAR,CHAR,CHAR,TRUE,TRUE,YPNHEDGMKARPYST,CHAR,44152,15,CHAR,CHAR,TCR,CHAR,CHAR
cell_158,TRUE,CHAR,TRUE,697,TRB,CHAR,CHAR,CHAR,CHAR,TRUE,TRUE,GRSNRRQLYSMHRHQ,CHAR,44152,15,CHAR,CHAR,TCR,CHAR,CHAR
cell_160,TRUE,CHAR,TRUE,697,TRA,CHAR,CHAR,CHAR,CHAR,TRUE,TRUE,IYGMNTHFCHKCIKK,CHAR,44152,15,CHAR,CHAR,TCR,CHAR,CHAR
cell_160,TRUE,CHAR,TRUE,697,TRB,CHAR,CHAR,CHAR,CHAR,TRUE,TRUE,HAQQDEETNPEPRCT,CHAR,44152,15,CHAR,CHAR,TCR,CHAR,CHAR
cell_162,TRUE,CHAR,TRUE,697,TRA,CHAR,CHAR,CHAR,CHAR,TRUE,TRUE,MAKFGCHVMYILQQS,CHAR,44152,15,CHAR,CHAR,TCR,CHAR,CHAR
cell_162,TRUE,CHAR,TRUE,697,TRB,CHAR,CHAR,CHAR,CHAR,TRUE,TRUE,KTKRHHLGCSWKGKE,CHAR,44152,15,CHAR,CHAR,TCR,CHAR,CHAR
cell_162,TRUE,CHAR,TRUE,697,TRB,CHAR,CHAR,CHAR,CHAR,TRUE,TRUE,MDWWKACVQKCCVED,CHAR,44152,15,CHAR,CHAR,TCR,CHAR,CHAR
cell_163,TRUE,CHAR,TRUE,697,TRA,CHAR,CHAR,CHAR,CHAR,TRUE,TRUE,QSGQVPMVYLFPMLR,CHAR,44152,15,CHAR,CHAR,TCR,CHAR,CHAR
cell_163,TRUE,CHAR,TRUE,697,TRB,CHAR,CHAR,CHAR,CHAR,TRUE,TRUE,AKWGNEWREDWHDEL,CHAR,44152,15,CHAR,CHAR,TCR,CHAR,CHAR
cell_165,TRUE,CHAR,TRUE,697,TRA,CHAR,CHAR,CHAR,CHAR,TRUE,TRUE,ATEDSTQWSCNPEAA,CHAR,44152,15,CHAR,CHAR,TCR,CHAR,CHAR
cell_165,TRUE,CHAR,TRUE,697,TRB,CHAR,CHAR,CHAR,CHAR,TRUE,TRUE,FCWGPNAFCCHSEFH,CHAR,44152,15,CHAR,CHAR,TCR,CHAR,CHAR
cell_165,TRUE,CHAR,TRUE,697,TRB,CHAR,CHAR,CHAR,CHAR,TRUE,TRUE,MMQCCALTPDQNFNN,CHAR,44152,15,CHAR,CHAR,TCR,CHAR,CHAR
cell_165,TRUE,CHAR,TRUE,697,TRB,CHAR,CHAR,CHAR,CHAR,TRUE,TRUE,SSEFWMHADLKIFMC,CHAR,44152,15,CHAR,CHAR,TCR,CHAR,CHAR
cell_166,TRUE,CHAR,TRUE,697,TRB,CHAR,CHAR,CHAR,CHAR,TRUE,TRUE,SQKDKKSKFEQWHSQ,CHAR,44152,15,CHAR,CHAR,TCR,CHAR,CHAR
cell_167,TRUE,CHAR,TRUE,697,TRA,CHAR,CHAR,CHAR,CHAR,TRUE,TRUE,FSCQKVGELWQEDFL,CHAR,44152,15,CHAR,CHAR,TCR,CHAR,CHAR
cell_167,TRUE,CHAR,TRUE,697,TRB,CHAR,CHAR,CHAR,CHAR,TRUE,TRUE,KMEDCFCYYSCTMRH,CHAR,44152,15,CHAR,CHAR,TCR,CHAR,CHAR
cell_168,TRUE,CHAR,TRUE,697,TRA,CHAR,CHAR,CHAR,CHAR,TRUE,TRUE,MGFKPAIENLYAGQS,CHAR,44152,15,CHAR,CHAR,TCR,CHAR,CHAR
cell_168,TRUE,CHAR,TRUE,697,TRB,CHAR,CHAR,CHAR,CHAR,TRUE,TRUE,STYFPRRFADHAWNK,CHAR,44152,15,CHAR,CHAR,TCR,CHAR,CHAR
cell_169,TRUE,CHAR,TRUE,697,TRB,CHAR,CHAR,CHAR,CHAR,TRUE,TRUE,VYFMVQEYWRNRSKL,CHAR,44152,15,CHAR,CHAR,TCR,CHAR,CHAR
cell_169,TRUE,CHAR,TRUE,697,TRB,CHAR,CHAR,CHAR,CHAR,TRUE,TRUE,KFSWEYESNACEAME,CHAR,44152,15,CHAR,CHAR,TCR,CHAR,CHAR
cell_171,TRUE,CHAR,TRUE,697,TRA,CHAR,CHAR,CHAR,CHAR,TRUE,TRUE,TDNEDMNCDVDGNYL,CHAR,44152,15,CHAR,CHAR,TCR,CHAR,CHAR
cell_171,TRUE,CHAR,TRUE,697,TRB,CHAR,CHAR,CHAR,CHAR,TRUE,TRUE,RVSWIEMNALDRMSS,CHAR,44152,15,CHAR,CHAR,TCR,CHAR,CHAR
cell_172,TRUE,CHAR,TRUE,697,TRA,CHAR,CHAR,CHAR,CHAR,TRUE,TRUE,YLGCRQMFCRLGMHQ,CHAR,44152,15,CHAR,CHAR,TCR,CHAR,CHAR
cell_172,TRUE,CHAR,TRUE,697,TRB,CHAR,CHAR,CHAR,CHAR,TRUE,TRUE,MMDYSMTPATKGCVQ,CHAR,44152,15,CHAR,CHAR,TCR,CHAR,CHAR
cell_173,TRUE,CHAR,TRUE,697,TRA,CHAR,CHAR,CHAR,CHAR,TRUE,TRUE,PKNKLRKHDTMTFDA,CHAR,44152,15,CHAR,CHAR,TCR,CHAR,CHAR
cell_173,TRUE,CHAR,TRUE,697,TRA,CHAR,CHAR,CHAR,CHAR,TRUE,TRUE,GDWIYSTWFQHKGGA,CHAR,44152,15,CHAR,CHAR,TCR,CHAR,CHAR
cell_173,TRUE,CHAR,TRUE,697,TRB,CHAR,CHAR,CHAR,CHAR,TRUE,TRUE,KNGYYYFWRVHYLMS,CHAR,44152,15,CHAR,CHAR,TCR,CHAR,CHAR
cell_173,TRUE,CHAR,TRUE,697,TRB,CHAR,CHAR,CHAR,CHAR,TRUE,TRUE,PMNPCSMGDWTDGPT,CHAR,44152,15,CHAR,CHAR,TCR,CHAR,CHAR
cell_174,TRUE,CHAR,TRUE,697,TRA,CHAR,CHAR,CHAR,CHAR,TRUE,TRUE,AFMKDLSGDRDCFWQ,CHAR,44152,15,CHAR,CHAR,TCR,CHAR,CHAR
cell_174,TRUE,CHAR,TRUE,697,TRB,CHAR,CHAR,CHAR,CHAR,TRUE,TRUE,HNIFYNKENGSNTYV,CHAR,44152,15,CHAR,CHAR,TCR,CHAR,CHAR
cell_175,TRUE,CHAR,TRUE,697,TRA,CHAR,CHAR,CHAR,CHAR,TRUE,TRUE,PGSNFLVMPYRPCYI,CHAR,44152,15,CHAR,CHAR,TCR,CHAR,CHAR
cell_175,TRUE,CHAR,TRUE,697,TRB,CHAR,CHAR,CHAR,CHAR,TRUE,TRUE,ATWGPCTTGAMRGNW,CHAR,44152,15,CHAR,CHAR,TCR,CHAR,CHAR
cell_175,TRUE,CHAR,TRUE,697,TRB,CHAR,CHAR,CHAR,CHAR,TRUE,TRUE,LCHVMCRAHYPVTID,CHAR,44152,15,CHAR,CHAR,TCR,CHAR,CHAR
cell_177,TRUE,CHAR,TRUE,697,TRA,CHAR,CHAR,CHAR,CHAR,TRUE,TRUE,PFVHTMQTCSGPWLH,CHAR,44152,15,CHAR,CHAR,TCR,CHAR,CHAR
cell_177,TRUE,CHAR,TRUE,697,TRB,CHAR,CHAR,CHAR,CHAR,TRUE,TRUE,STYFPRRFADHAWNK,CHAR,44152,15,CHAR,CHAR,TCR,CHAR,CHAR
cell_178,TRUE,CHAR,TRUE,697,TRA,CHAR,CHAR,CHAR,CHAR,TRUE,TRUE,TSMPCCYNHQMPDSS,CHAR,44152,15,CHAR,CHAR,TCR,CHAR,CHAR
cell_178,TRUE,CHAR,TRUE,697,TRB,CHAR,CHAR,CHAR,CHAR,TRUE,TRUE,KTKRHHLGCSWKGKE,CHAR,44152,15,CHAR,CHAR,TCR,CHAR,CHAR
cell_178,TRUE,CHAR,TRUE,697,TRB,CHAR,CHAR,CHAR,CHAR,TRUE,TRUE,ATNRFQSPAIACRGL,CHAR,44152,15,CHAR,CHAR,TCR,CHAR,CHAR
cell_179,TRUE,CHAR,TRUE,697,TRA,CHAR,CHAR,CHAR,CHAR,TRUE,TRUE,AMTLCYKILCWNNPL,CHAR,44152,15,CHAR,CHAR,TCR,CHAR,CHAR
cell_179,TRUE,CHAR,TRUE,697,TRB,CHAR,CHAR,CHAR,CHAR,TRUE,TRUE,QWWQWVFVRWAFFIL,CHAR,44152,15,CHAR,CHAR,TCR,CHAR,CHAR
cell_180,TRUE,CHAR,TRUE,697,TRA,CHAR,CHAR,CHAR,CHAR,TRUE,TRUE,DGRTLIMRVCYMMGN,CHAR,44152,15,CHAR,CHAR,TCR,CHAR,CHAR
cell_180,TRUE,CHAR,TRUE,697,TRB,CHAR,CHAR,CHAR,CHAR,TRUE,TRUE,KTKRHHLGCSWKGKE,CHAR,44152,15,CHAR,CHAR,TCR,CHAR,CHAR
cell_181,TRUE,CHAR,TRUE,697,TRA,CHAR,CHAR,CHAR,CHAR,TRUE,TRUE,KLIAHPDIIKLFKLL,CHAR,44152,15,CHAR,CHAR,TCR,CHAR,CHAR
cell_181,TRUE,CHAR,TRUE,697,TRB,CHAR,CHAR,CHAR,CHAR,TRUE,TRUE,RIAAIWLFMQWGAPC,CHAR,44152,15,CHAR,CHAR,TCR,CHAR,CHAR
cell_182,TRUE,CHAR,TRUE,697,TRA,CHAR,CHAR,CHAR,CHAR,TRUE,TRUE,TDNEDMNCDVDGNYL,CHAR,44152,15,CHAR,CHAR,TCR,CHAR,CHAR
cell_182,TRUE,CHAR,TRUE,697,TRA,CHAR,CHAR,CHAR,CHAR,TRUE,TRUE,EETKLVIPCVWAPYW,CHAR,44152,15,CHAR,CHAR,TCR,CHAR,CHAR
cell_182,TRUE,CHAR,TRUE,697,TRB,CHAR,CHAR,CHAR,CHAR,TRUE,TRUE,AAATLGTEHNGRFPV,CHAR,44152,15,CHAR,CHAR,TCR,CHAR,CHAR
cell_183,TRUE,CHAR,TRUE,697,TRA,CHAR,CHAR,CHAR,CHAR,TRUE,TRUE,GWIPWICMQWLAMEL,CHAR,44152,15,CHAR,CHAR,TCR,CHAR,CHAR
cell_183,TRUE,CHAR,TRUE,697,TRA,CHAR,CHAR,CHAR,CHAR,TRUE,TRUE,AMTLCYKILCWNNPL,CHAR,44152,15,CHAR,CHAR,TCR,CHAR,CHAR
cell_183,TRUE,CHAR,TRUE,697,TRB,CHAR,CHAR,CHAR,CHAR,TRUE,TRUE,HNADNYTCVSRCHSM,CHAR,44152,15,CHAR,CHAR,TCR,CHAR,CHAR
cell_184,TRUE,CHAR,TRUE,697,TRA,CHAR,CHAR,CHAR,CHAR,TRUE,TRUE,NRQINDCPQMTSLCN,CHAR,44152,15,CHAR,CHAR,TCR,CHAR,CHAR
cell_184,TRUE,CHAR,TRUE,697,TRB,CHAR,CHAR,CHAR,CHAR,TRUE,TRUE,LCHVMCRAHYPVTID,CHAR,44152,15,CHAR,CHAR,TCR,CHAR,CHAR
cell_184,TRUE,CHAR,TRUE,697,TRB,CHAR,CHAR,CHAR,CHAR,TRUE,TRUE,KYMDRRAIMHGIIMK,CHAR,44152,15,CHAR,CHAR,TCR,CHAR,CHAR
cell_185,TRUE,CHAR,TRUE,697,TRA,CHAR,CHAR,CHAR,CHAR,TRUE,TRUE,YEVTWFVCQDWNKFM,CHAR,44152,15,CHAR,CHAR,TCR,CHAR,CHAR
cell_185,TRUE,CHAR,TRUE,697,TRA,CHAR,CHAR,CHAR,CHAR,TRUE,TRUE,TWWLYPNPTSAVDWN,CHAR,44152,15,CHAR,CHAR,TCR,CHAR,CHAR
cell_185,TRUE,CHAR,TRUE,697,TRB,CHAR,CHAR,CHAR,CHAR,TRUE,TRUE,INSPMTRDMDMAKIW,CHAR,44152,15,CHAR,CHAR,TCR,CHAR,CHAR
cell_186,TRUE,CHAR,TRUE,697,TRA,CHAR,CHAR,CHAR,CHAR,TRUE,TRUE,PICHFTVQISFCNIS,CHAR,44152,15,CHAR,CHAR,TCR,CHAR,CHAR
cell_186,TRUE,CHAR,TRUE,697,TRA,CHAR,CHAR,CHAR,CHAR,TRUE,TRUE,TEINDGIEGSLPWVH,CHAR,44152,15,CHAR,CHAR,TCR,CHAR,CHAR
cell_186,TRUE,CHAR,TRUE,697,TRB,CHAR,CHAR,CHAR,CHAR,TRUE,TRUE,RIAAIWLFMQWGAPC,CHAR,44152,15,CHAR,CHAR,TCR,CHAR,CHAR
cell_186,TRUE,CHAR,TRUE,697,TRB,CHAR,CHAR,CHAR,CHAR,TRUE,TRUE,GTKYQSETSYQCMLG,CHAR,44152,15,CHAR,CHAR,TCR,CHAR,CHAR
cell_187,TRUE,CHAR,TRUE,697,TRA,CHAR,CHAR,CHAR,CHAR,TRUE,TRUE,AIGDWYRLWCPCWNT,CHAR,44152,15,CHAR,CHAR,TCR,CHAR,CHAR
cell_187,TRUE,CHAR,TRUE,697,TRB,CHAR,CHAR,CHAR,CHAR,TRUE,TRUE,GIHNPLDDVNLPKYH,CHAR,44152,15,CHAR,CHAR,TCR,CHAR,CHAR
cell_189,TRUE,CHAR,TRUE,697,TRA,CHAR,CHAR,CHAR,CHAR,TRUE,TRUE,YVQMQYFEFMCRGHH,CHAR,44152,15,CHAR,CHAR,TCR,CHAR,CHAR
cell_189,TRUE,CHAR,TRUE,697,TRB,CHAR,CHAR,CHAR,CHAR,TRUE,TRUE,IVWLSGFLQGQRSHP,CHAR,44152,15,CHAR,CHAR,TCR,CHAR,CHAR
cell_190,TRUE,CHAR,TRUE,697,TRA,CHAR,CHAR,CHAR,CHAR,TRUE,TRUE,ECSWTGYQTGRLICC,CHAR,44152,15,CHAR,CHAR,TCR,CHAR,CHAR
cell_190,TRUE,CHAR,TRUE,697,TRA,CHAR,CHAR,CHAR,CHAR,TRUE,TRUE,SAYEVKLQYDTFPMV,CHAR,44152,15,CHAR,CHAR,TCR,CHAR,CHAR
cell_190,TRUE,CHAR,TRUE,697,TRB,CHAR,CHAR,CHAR,CHAR,TRUE,TRUE,KPQDNDEAWGAQEPS,CHAR,44152,15,CHAR,CHAR,TCR,CHAR,CHAR
cell_191,TRUE,CHAR,TRUE,697,TRA,CHAR,CHAR,CHAR,CHAR,TRUE,TRUE,SAYEVKLQYDTFPMV,CHAR,44152,15,CHAR,CHAR,TCR,CHAR,CHAR
cell_191,TRUE,CHAR,TRUE,697,TRB,CHAR,CHAR,CHAR,CHAR,TRUE,TRUE,WPLIGLKNFCLHHPE,CHAR,44152,15,CHAR,CHAR,TCR,CHAR,CHAR
cell_191,TRUE,CHAR,TRUE,697,TRB,CHAR,CHAR,CHAR,CHAR,TRUE,TRUE,PAAINENSRSSHRSD,CHAR,44152,15,CHAR,CHAR,TCR,CHAR,CHAR
cell_192,TRUE,CHAR,TRUE,697,TRA,CHAR,CHAR,CHAR,CHAR,TRUE,TRUE,LESGGQYEKVFGTWY,CHAR,44152,15,CHAR,CHAR,TCR,CHAR,CHAR
cell_192,TRUE,CHAR,TRUE,697,TRB,CHAR,CHAR,CHAR,CHAR,TRUE,TRUE,TAFIHFLIFKWMKGC,CHAR,44152,15,CHAR,CHAR,TCR,CHAR,CHAR
cell_193,TRUE,CHAR,TRUE,697,TRA,CHAR,CHAR,CHAR,CHAR,TRUE,TRUE,YESKFWRFTCPAKQS,CHAR,44152,15,CHAR,CHAR,TCR,CHAR,CHAR
cell_193,TRUE,CHAR,TRUE,697,TRB,CHAR,CHAR,CHAR,CHAR,TRUE,TRUE,AKWGNEWREDWHDEL,CHAR,44152,15,CHAR,CHAR,TCR,CHAR,CHAR
cell_193,TRUE,CHAR,TRUE,697,TRB,CHAR,CHAR,CHAR,CHAR,TRUE,TRUE,KHPWFIFAATWCSLQ,CHAR,44152,15,CHAR,CHAR,TCR,CHAR,CHAR
cell_194,TRUE,CHAR,TRUE,697,TRA,CHAR,CHAR,CHAR,CHAR,TRUE,TRUE,TCMQKMCGYAYQQVC,CHAR,44152,15,CHAR,CHAR,TCR,CHAR,CHAR
cell_194,TRUE,CHAR,TRUE,697,TRB,CHAR,CHAR,CHAR,CHAR,TRUE,TRUE,PAAINENSRSSHRSD,CHAR,44152,15,CHAR,CHAR,TCR,CHAR,CHAR
cell_194,TRUE,CHAR,TRUE,697,TRB,CHAR,CHAR,CHAR,CHAR,TRUE,TRUE,MMQCCALTPDQNFNN,CHAR,44152,15,CHAR,CHAR,TCR,CHAR,CHAR
cell_195,TRUE,CHAR,TRUE,697,TRA,CHAR,CHAR,CHAR,CHAR,TRUE,TRUE,MAKFGCHVMYILQQS,CHAR,44152,15,CHAR,CHAR,TCR,CHAR,CHAR
cell_195,TRUE,CHAR,TRUE,697,TRB,CHAR,CHAR,CHAR,CHAR,TRUE,TRUE,ERCSNGAWSIRMSQW,CHAR,44152,15,CHAR,CHAR,TCR,CHAR,CHAR
cell_196,TRUE,CHAR,TRUE,697,TRA,CHAR,CHAR,CHAR,CHAR,TRUE,TRUE,HISWHLIMGLTQQEK,CHAR,44152,15,CHAR,CHAR,TCR,CHAR,CHAR
cell_196,TRUE,CHAR,TRUE,697,TRB,CHAR,CHAR,CHAR,CHAR,TRUE,TRUE,LCHVMCRAHYPVTID,CHAR,44152,15,CHAR,CHAR,TCR,CHAR,CHAR
cell_197,TRUE,CHAR,TRUE,697,TRA,CHAR,CHAR,CHAR,CHAR,TRUE,TRUE,YVQMQYFEFMCRGHH,CHAR,44152,15,CHAR,CHAR,TCR,CHAR,CHAR
cell_197,TRUE,CHAR,TRUE,697,TRB,CHAR,CHAR,CHAR,CHAR,TRUE,TRUE,FCWGPNAFCCHSEFH,CHAR,44152,15,CHAR,CHAR,TCR,CHAR,CHAR
cell_198,TRUE,CHAR,TRUE,697,TRA,CHAR,CHAR,CHAR,CHAR,TRUE,TRUE,YEVTWFVCQDWNKFM,CHAR,44152,15,CHAR,CHAR,TCR,CHAR,CHAR
cell_198,TRUE,CHAR,TRUE,697,TRB,CHAR,CHAR,CHAR,CHAR,TRUE,TRUE,ETWTKWCAAARSHNR,CHAR,44152,15,CHAR,CHAR,TCR,CHAR,CHAR
cell_199,TRUE,CHAR,TRUE,697,TRA,CHAR,CHAR,CHAR,CHAR,TRUE,TRUE,TGNALPFEFMEFYMM,CHAR,44152,15,CHAR,CHAR,TCR,CHAR,CHAR
cell_199,TRUE,CHAR,TRUE,697,TRB,CHAR,CHAR,CHAR,CHAR,TRUE,TRUE,INSPMTRDMDMAKIW,CHAR,44152,15,CHAR,CHAR,TCR,CHAR,CHAR
cell_200,TRUE,CHAR,TRUE,697,TRA,CHAR,CHAR,CHAR,CHAR,TRUE,TRUE,YRVQLSRCDNGSPRT,CHAR,44152,15,CHAR,CHAR,TCR,CHAR,CHAR
cell_200,TRUE,CHAR,TRUE,697,TRA,CHAR,CHAR,CHAR,CHAR,TRUE,TRUE,GDWIYSTWFQHKGGA,CHAR,44152,15,CHAR,CHAR,TCR,CHAR,CHAR
cell_200,TRUE,CHAR,TRUE,697,TRB,CHAR,CHAR,CHAR,CHAR,TRUE,TRUE,RKMGNWVWYTFKGEG,CHAR,44152,15,CHAR,CHAR,TCR,CHAR,CHAR
cell_200,TRUE,CHAR,TRUE,697,TRB,CHAR,CHAR,CHAR,CHAR,TRUE,TRUE,ETWTKWCAAARSHNR,CHAR,44152,15,CHAR,CHAR,TCR,CHAR,CHAR
cell_202,TRUE,CHAR,TRUE,697,TRA,CHAR,CHAR,CHAR,CHAR,TRUE,TRUE,MYYAMADCFRKCSIP,CHAR,44152,15,CHAR,CHAR,TCR,CHAR,CHAR
cell_202,TRUE,CHAR,TRUE,697,TRB,CHAR,CHAR,CHAR,CHAR,TRUE,TRUE,GCDFCHHLGTTAHFA,CHAR,44152,15,CHAR,CHAR,TCR,CHAR,CHAR
cell_203,TRUE,CHAR,TRUE,697,TRA,CHAR,CHAR,CHAR,CHAR,TRUE,TRUE,DGLDIKYTGAFIVDH,CHAR,44152,15,CHAR,CHAR,TCR,CHAR,CHAR
cell_203,TRUE,CHAR,TRUE,697,TRA,CHAR,CHAR,CHAR,CHAR,TRUE,TRUE,PTIWPKMVDIHYMLA,CHAR,44152,15,CHAR,CHAR,TCR,CHAR,CHAR
cell_203,TRUE,CHAR,TRUE,697,TRB,CHAR,CHAR,CHAR,CHAR,TRUE,TRUE,QQFNHDRSEFHGWTI,CHAR,44152,15,CHAR,CHAR,TCR,CHAR,CHAR
cell_204,TRUE,CHAR,TRUE,697,TRA,CHAR,CHAR,CHAR,CHAR,TRUE,TRUE,NDSRWVNAYSMMLSN,CHAR,44152,15,CHAR,CHAR,TCR,CHAR,CHAR
cell_204,TRUE,CHAR,TRUE,697,TRB,CHAR,CHAR,CHAR,CHAR,TRUE,TRUE,NQKNVMDREYPSDGM,CHAR,44152,15,CHAR,CHAR,TCR,CHAR,CHAR
cell_204,TRUE,CHAR,TRUE,697,TRB,CHAR,CHAR,CHAR,CHAR,TRUE,TRUE,CRRWITICCIYFADS,CHAR,44152,15,CHAR,CHAR,TCR,CHAR,CHAR
cell_205,TRUE,CHAR,TRUE,697,TRA,CHAR,CHAR,CHAR,CHAR,TRUE,TRUE,MGFKPAIENLYAGQS,CHAR,44152,15,CHAR,CHAR,TCR,CHAR,CHAR
cell_205,TRUE,CHAR,TRUE,697,TRB,CHAR,CHAR,CHAR,CHAR,TRUE,TRUE,IQVYKVNHWAIEVSG,CHAR,44152,15,CHAR,CHAR,TCR,CHAR,CHAR
cell_206,TRUE,CHAR,TRUE,697,TRA,CHAR,CHAR,CHAR,CHAR,TRUE,TRUE,AMFFHIFHEANTMGT,CHAR,44152,15,CHAR,CHAR,TCR,CHAR,CHAR
cell_206,TRUE,CHAR,TRUE,697,TRB,CHAR,CHAR,CHAR,CHAR,TRUE,TRUE,IGWSTRLMSFYPCDR,CHAR,44152,15,CHAR,CHAR,TCR,CHAR,CHAR
cell_206,TRUE,CHAR,TRUE,697,TRB,CHAR,CHAR,CHAR,CHAR,TRUE,TRUE,MLEIADVVTTLQQSI,CHAR,44152,15,CHAR,CHAR,TCR,CHAR,CHAR
cell_207,TRUE,CHAR,TRUE,697,TRA,CHAR,CHAR,CHAR,CHAR,TRUE,TRUE,LWEQTMKDYLMKTLL,CHAR,44152,15,CHAR,CHAR,TCR,CHAR,CHAR
cell_207,TRUE,CHAR,TRUE,697,TRB,CHAR,CHAR,CHAR,CHAR,TRUE,TRUE,AWIFSIYTPVKLGGY,CHAR,44152,15,CHAR,CHAR,TCR,CHAR,CHAR
cell_208,TRUE,CHAR,TRUE,697,TRA,CHAR,CHAR,CHAR,CHAR,TRUE,TRUE,IYGMNTHFCHKCIKK,CHAR,44152,15,CHAR,CHAR,TCR,CHAR,CHAR
cell_208,TRUE,CHAR,TRUE,697,TRB,CHAR,CHAR,CHAR,CHAR,TRUE,TRUE,ANFSRCTHCYHIVAW,CHAR,44152,15,CHAR,CHAR,TCR,CHAR,CHAR
cell_209,TRUE,CHAR,TRUE,697,TRB,CHAR,CHAR,CHAR,CHAR,TRUE,TRUE,MLDCEFDCWLARANL,CHAR,44152,15,CHAR,CHAR,TCR,CHAR,CHAR
cell_210,TRUE,CHAR,TRUE,697,TRA,CHAR,CHAR,CHAR,CHAR,TRUE,TRUE,TYNLERVAEDSNHIA,CHAR,44152,15,CHAR,CHAR,TCR,CHAR,CHAR
cell_210,TRUE,CHAR,TRUE,697,TRA,CHAR,CHAR,CHAR,CHAR,TRUE,TRUE,SAYEVKLQYDTFPMV,CHAR,44152,15,CHAR,CHAR,TCR,CHAR,CHAR
cell_210,TRUE,CHAR,TRUE,697,TRB,CHAR,CHAR,CHAR,CHAR,TRUE,TRUE,ERCSNGAWSIRMSQW,CHAR,44152,15,CHAR,CHAR,TCR,CHAR,CHAR
cell_212,TRUE,CHAR,TRUE,697,TRA,CHAR,CHAR,CHAR,CHAR,TRUE,TRUE,PIDAPSHYISEWRED,CHAR,44152,15,CHAR,CHAR,TCR,CHAR,CHAR
cell_212,TRUE,CHAR,TRUE,697,TRA,CHAR,CHAR,CHAR,CHAR,TRUE,TRUE,HISWHLIMGLTQQEK,CHAR,44152,15,CHAR,CHAR,TCR,CHAR,CHAR
cell_212,TRUE,CHAR,TRUE,697,TRB,CHAR,CHAR,CHAR,CHAR,TRUE,TRUE,LCHVMCRAHYPVTID,CHAR,44152,15,CHAR,CHAR,TCR,CHAR,CHAR
cell_213,TRUE,CHAR,TRUE,697,TRA,CHAR,CHAR,CHAR,CHAR,TRUE,TRUE,TSMPCCYNHQMPDSS,CHAR,44152,15,CHAR,CHAR,TCR,CHAR,CHAR
cell_213,TRUE,CHAR,TRUE,697,TRB,CHAR,CHAR,CHAR,CHAR,TRUE,TRUE,RCMVRGAFSAKHSYE,CHAR,44152,15,CHAR,CHAR,TCR,CHAR,CHAR
cell_214,TRUE,CHAR,TRUE,697,TRA,CHAR,CHAR,CHAR,CHAR,TRUE,TRUE,EINDGFLHVGPRIHR,CHAR,44152,15,CHAR,CHAR,TCR,CHAR,CHAR
cell_214,TRUE,CHAR,TRUE,697,TRB,CHAR,CHAR,CHAR,CHAR,TRUE,TRUE,WQLYQVQGWCWNEQQ,CHAR,44152,15,CHAR,CHAR,TCR,CHAR,CHAR
cell_215,TRUE,CHAR,TRUE,697,TRA,CHAR,CHAR,CHAR,CHAR,TRUE,TRUE,TWWLYPNPTSAVDWN,CHAR,44152,15,CHAR,CHAR,TCR,CHAR,CHAR
cell_215,TRUE,CHAR,TRUE,697,TRB,CHAR,CHAR,CHAR,CHAR,TRUE,TRUE,PAAINENSRSSHRSD,CHAR,44152,15,CHAR,CHAR,TCR,CHAR,CHAR
cell_216,TRUE,CHAR,TRUE,697,TRA,CHAR,CHAR,CHAR,CHAR,TRUE,TRUE,DYLTISRCVPRWWSS,CHAR,44152,15,CHAR,CHAR,TCR,CHAR,CHAR
cell_216,TRUE,CHAR,TRUE,697,TRA,CHAR,CHAR,CHAR,CHAR,TRUE,TRUE,PTQYFHYKGDMGTKA,CHAR,44152,15,CHAR,CHAR,TCR,CHAR,CHAR
cell_216,TRUE,CHAR,TRUE,697,TRB,CHAR,CHAR,CHAR,CHAR,TRUE,TRUE,KAAPRMNCQIRREHG,CHAR,44152,15,CHAR,CHAR,TCR,CHAR,CHAR
cell_217,TRUE,CHAR,TRUE,697,TRA,CHAR,CHAR,CHAR,CHAR,TRUE,TRUE,IGNSWACEHYWEWRA,CHAR,44152,15,CHAR,CHAR,TCR,CHAR,CHAR
cell_217,TRUE,CHAR,TRUE,697,TRA,CHAR,CHAR,CHAR,CHAR,TRUE,TRUE,SIQEPYFTSEPNCRY,CHAR,44152,15,CHAR,CHAR,TCR,CHAR,CHAR
cell_217,TRUE,CHAR,TRUE,697,TRB,CHAR,CHAR,CHAR,CHAR,TRUE,TRUE,SFNSDCAGDSRPQFG,CHAR,44152,15,CHAR,CHAR,TCR,CHAR,CHAR
cell_219,TRUE,CHAR,TRUE,697,TRA,CHAR,CHAR,CHAR,CHAR,TRUE,TRUE,HIKVCSLCHHQEVEH,CHAR,44152,15,CHAR,CHAR,TCR,CHAR,CHAR
cell_219,TRUE,CHAR,TRUE,697,TRB,CHAR,CHAR,CHAR,CHAR,TRUE,TRUE,CGKEDHNSWIKWETH,CHAR,44152,15,CHAR,CHAR,TCR,CHAR,CHAR
cell_220,TRUE,CHAR,TRUE,697,TRA,CHAR,CHAR,CHAR,CHAR,TRUE,TRUE,PTQYFHYKGDMGTKA,CHAR,44152,15,CHAR,CHAR,TCR,CHAR,CHAR
cell_220,TRUE,CHAR,TRUE,697,TRA,CHAR,CHAR,CHAR,CHAR,TRUE,TRUE,EINDGFLHVGPRIHR,CHAR,44152,15,CHAR,CHAR,TCR,CHAR,CHAR
cell_220,TRUE,CHAR,TRUE,697,TRB,CHAR,CHAR,CHAR,CHAR,TRUE,TRUE,IAGTPHTLNWHIGTV,CHAR,44152,15,CHAR,CHAR,TCR,CHAR,CHAR
cell_220,TRUE,CHAR,TRUE,697,TRB,CHAR,CHAR,CHAR,CHAR,TRUE,TRUE,CISQEFPLRQFHAAS,CHAR,44152,15,CHAR,CHAR,TCR,CHAR,CHAR
cell_221,TRUE,CHAR,TRUE,697,TRA,CHAR,CHAR,CHAR,CHAR,TRUE,TRUE,TWWLYPNPTSAVDWN,CHAR,44152,15,CHAR,CHAR,TCR,CHAR,CHAR
cell_221,TRUE,CHAR,TRUE,697,TRA,CHAR,CHAR,CHAR,CHAR,TRUE,TRUE,SAYEVKLQYDTFPMV,CHAR,44152,15,CHAR,CHAR,TCR,CHAR,CHAR
cell_221,TRUE,CHAR,TRUE,697,TRB,CHAR,CHAR,CHAR,CHAR,TRUE,TRUE,KLPHCKFEPGLFSAC,CHAR,44152,15,CHAR,CHAR,TCR,CHAR,CHAR
cell_222,TRUE,CHAR,TRUE,697,TRA,CHAR,CHAR,CHAR,CHAR,TRUE,TRUE,VMLNYTPRFINLIEI,CHAR,44152,15,CHAR,CHAR,TCR,CHAR,CHAR
cell_222,TRUE,CHAR,TRUE,697,TRB,CHAR,CHAR,CHAR,CHAR,TRUE,TRUE,RCMVRGAFSAKHSYE,CHAR,44152,15,CHAR,CHAR,TCR,CHAR,CHAR
cell_222,TRUE,CHAR,TRUE,697,TRB,CHAR,CHAR,CHAR,CHAR,TRUE,TRUE,TKLNWVYHKYHCPMG,CHAR,44152,15,CHAR,CHAR,TCR,CHAR,CHAR
cell_224,TRUE,CHAR,TRUE,697,TRA,CHAR,CHAR,CHAR,CHAR,TRUE,TRUE,PTQYFHYKGDMGTKA,CHAR,44152,15,CHAR,CHAR,TCR,CHAR,CHAR
cell_224,TRUE,CHAR,TRUE,697,TRA,CHAR,CHAR,CHAR,CHAR,TRUE,TRUE,STHLHYCTMSIWGER,CHAR,44152,15,CHAR,CHAR,TCR,CHAR,CHAR
cell_224,TRUE,CHAR,TRUE,697,TRB,CHAR,CHAR,CHAR,CHAR,TRUE,TRUE,TAFIHFLIFKWMKGC,CHAR,44152,15,CHAR,CHAR,TCR,CHAR,CHAR
cell_225,TRUE,CHAR,TRUE,697,TRA,CHAR,CHAR,CHAR,CHAR,TRUE,TRUE,PELIDWNFNTEPPDF,CHAR,44152,15,CHAR,CHAR,TCR,CHAR,CHAR
cell_225,TRUE,CHAR,TRUE,697,TRB,CHAR,CHAR,CHAR,CHAR,TRUE,TRUE,AMYQPPPIGWYACVL,CHAR,44152,15,CHAR,CHAR,TCR,CHAR,CHAR
cell_227,TRUE,CHAR,TRUE,697,TRA,CHAR,CHAR,CHAR,CHAR,TRUE,TRUE,IAIEKITMWCLFLTW,CHAR,44152,15,CHAR,CHAR,TCR,CHAR,CHAR
cell_227,TRUE,CHAR,TRUE,697,TRB,CHAR,CHAR,CHAR,CHAR,TRUE,TRUE,TKLNWVYHKYHCPMG,CHAR,44152,15,CHAR,CHAR,TCR,CHAR,CHAR
cell_229,TRUE,CHAR,TRUE,697,TRA,CHAR,CHAR,CHAR,CHAR,TRUE,TRUE,GWFIVEDTGEMSDNK,CHAR,44152,15,CHAR,CHAR,TCR,CHAR,CHAR
cell_229,TRUE,CHAR,TRUE,697,TRB,CHAR,CHAR,CHAR,CHAR,TRUE,TRUE,QQFNHDRSEFHGWTI,CHAR,44152,15,CHAR,CHAR,TCR,CHAR,CHAR
cell_231,TRUE,CHAR,TRUE,697,TRA,CHAR,CHAR,CHAR,CHAR,TRUE,TRUE,MMMMGGKFQERPSES,CHAR,44152,15,CHAR,CHAR,TCR,CHAR,CHAR
cell_231,TRUE,CHAR,TRUE,697,TRA,CHAR,CHAR,CHAR,CHAR,TRUE,TRUE,HIKVCSLCHHQEVEH,CHAR,44152,15,CHAR,CHAR,TCR,CHAR,CHAR
cell_231,TRUE,CHAR,TRUE,697,TRB,CHAR,CHAR,CHAR,CHAR,TRUE,TRUE,IVWLSGFLQGQRSHP,CHAR,44152,15,CHAR,CHAR,TCR,CHAR,CHAR
cell_233,TRUE,CHAR,TRUE,697,TRA,CHAR,CHAR,CHAR,CHAR,TRUE,TRUE,NFESTYKMPVYFVYW,CHAR,44152,15,CHAR,CHAR,TCR,CHAR,CHAR
cell_233,TRUE,CHAR,TRUE,697,TRB,CHAR,CHAR,CHAR,CHAR,TRUE,TRUE,LIRDYPHCGWEIGQV,CHAR,44152,15,CHAR,CHAR,TCR,CHAR,CHAR
cell_234,TRUE,CHAR,TRUE,697,TRA,CHAR,CHAR,CHAR,CHAR,TRUE,TRUE,IGNSWACEHYWEWRA,CHAR,44152,15,CHAR,CHAR,TCR,CHAR,CHAR
cell_234,TRUE,CHAR,TRUE,697,TRB,CHAR,CHAR,CHAR,CHAR,TRUE,TRUE,GIHNPLDDVNLPKYH,CHAR,44152,15,CHAR,CHAR,TCR,CHAR,CHAR
cell_235,TRUE,CHAR,TRUE,697,TRB,CHAR,CHAR,CHAR,CHAR,TRUE,TRUE,CMFLYCQFYSAGHWF,CHAR,44152,15,CHAR,CHAR,TCR,CHAR,CHAR
cell_235,TRUE,CHAR,TRUE,697,TRB,CHAR,CHAR,CHAR,CHAR,TRUE,TRUE,AMYQPPPIGWYACVL,CHAR,44152,15,CHAR,CHAR,TCR,CHAR,CHAR
cell_236,TRUE,CHAR,TRUE,697,TRA,CHAR,CHAR,CHAR,CHAR,TRUE,TRUE,GDWIYSTWFQHKGGA,CHAR,44152,15,CHAR,CHAR,TCR,CHAR,CHAR
cell_236,TRUE,CHAR,TRUE,697,TRA,CHAR,CHAR,CHAR,CHAR,TRUE,TRUE,LGMEWDEYRMHSGWS,CHAR,44152,15,CHAR,CHAR,TCR,CHAR,CHAR
cell_236,TRUE,CHAR,TRUE,697,TRB,CHAR,CHAR,CHAR,CHAR,TRUE,TRUE,KLPHCKFEPGLFSAC,CHAR,44152,15,CHAR,CHAR,TCR,CHAR,CHAR
cell_237,TRUE,CHAR,TRUE,697,TRA,CHAR,CHAR,CHAR,CHAR,TRUE,TRUE,ERIKICFLQINFLWE,CHAR,44152,15,CHAR,CHAR,TCR,CHAR,CHAR
cell_237,TRUE,CHAR,TRUE,697,TRB,CHAR,CHAR,CHAR,CHAR,TRUE,TRUE,WQLYQVQGWCWNEQQ,CHAR,44152,15,CHAR,CHAR,TCR,CHAR,CHAR
cell_238,TRUE,CHAR,TRUE,697,TRA,CHAR,CHAR,CHAR,CHAR,TRUE,TRUE,HYRPCRRTDRELKMN,CHAR,44152,15,CHAR,CHAR,TCR,CHAR,CHAR
cell_238,TRUE,CHAR,TRUE,697,TRB,CHAR,CHAR,CHAR,CHAR,TRUE,TRUE,IVNDWTTRCNEDQRK,CHAR,44152,15,CHAR,CHAR,TCR,CHAR,CHAR
cell_239,TRUE,CHAR,TRUE,697,TRA,CHAR,CHAR,CHAR,CHAR,TRUE,TRUE,YPRPQNWNTEGNYMP,CHAR,44152,15,CHAR,CHAR,TCR,CHAR,CHAR
cell_239,TRUE,CHAR,TRUE,697,TRA,CHAR,CHAR,CHAR,CHAR,TRUE,TRUE,NFESTYKMPVYFVYW,CHAR,44152,15,CHAR,CHAR,TCR,CHAR,CHAR
cell_239,TRUE,CHAR,TRUE,697,TRB,CHAR,CHAR,CHAR,CHAR,TRUE,TRUE,CISQEFPLRQFHAAS,CHAR,44152,15,CHAR,CHAR,TCR,CHAR,CHAR
cell_239,TRUE,CHAR,TRUE,697,TRB,CHAR,CHAR,CHAR,CHAR,TRUE,TRUE,LINSMLYNRNDLEMC,CHAR,44152,15,CHAR,CHAR,TCR,CHAR,CHAR
cell_240,TRUE,CHAR,TRUE,697,TRA,CHAR,CHAR,CHAR,CHAR,TRUE,TRUE,YESKFWRFTCPAKQS,CHAR,44152,15,CHAR,CHAR,TCR,CHAR,CHAR
cell_240,TRUE,CHAR,TRUE,697,TRB,CHAR,CHAR,CHAR,CHAR,TRUE,TRUE,GIHNPLDDVNLPKYH,CHAR,44152,15,CHAR,CHAR,TCR,CHAR,CHAR
cell_241,TRUE,CHAR,TRUE,697,TRA,CHAR,CHAR,CHAR,CHAR,TRUE,TRUE,MGFKPAIENLYAGQS,CHAR,44152,15,CHAR,CHAR,TCR,CHAR,CHAR
cell_241,TRUE,CHAR,TRUE,697,TRB,CHAR,CHAR,CHAR,CHAR,TRUE,TRUE,HDVQLCSVTEANYLG,CHAR,44152,15,CHAR,CHAR,TCR,CHAR,CHAR
cell_242,TRUE,CHAR,TRUE,697,TRA,CHAR,CHAR,CHAR,CHAR,TRUE,TRUE,YHRQWDDIYFFLMAR,CHAR,44152,15,CHAR,CHAR,TCR,CHAR,CHAR
cell_242,TRUE,CHAR,TRUE,697,TRB,CHAR,CHAR,CHAR,CHAR,TRUE,TRUE,YLYMFKCMIMFVCSW,CHAR,44152,15,CHAR,CHAR,TCR,CHAR,CHAR
cell_243,TRUE,CHAR,TRUE,697,TRA,CHAR,CHAR,CHAR,CHAR,TRUE,TRUE,MPILNAQFMVAVGQH,CHAR,44152,15,CHAR,CHAR,TCR,CHAR,CHAR
cell_243,TRUE,CHAR,TRUE,697,TRA,CHAR,CHAR,CHAR,CHAR,TRUE,TRUE,ATYINIPGPFSKDDR,CHAR,44152,15,CHAR,CHAR,TCR,CHAR,CHAR
cell_243,TRUE,CHAR,TRUE,697,TRA,CHAR,CHAR,CHAR,CHAR,TRUE,TRUE,LFDHIYCDMKNFFNT,CHAR,44152,15,CHAR,CHAR,TCR,CHAR,CHAR
cell_243,TRUE,CHAR,TRUE,697,TRB,CHAR,CHAR,CHAR,CHAR,TRUE,TRUE,NPPMWAHLGWAHMTT,CHAR,44152,15,CHAR,CHAR,TCR,CHAR,CHAR
cell_244,TRUE,CHAR,TRUE,697,TRA,CHAR,CHAR,CHAR,CHAR,TRUE,TRUE,DCFMKQGGELPRMIS,CHAR,44152,15,CHAR,CHAR,TCR,CHAR,CHAR
cell_244,TRUE,CHAR,TRUE,697,TRB,CHAR,CHAR,CHAR,CHAR,TRUE,TRUE,WEMCCCGCGKHQWDH,CHAR,44152,15,CHAR,CHAR,TCR,CHAR,CHAR
cell_244,TRUE,CHAR,TRUE,697,TRB,CHAR,CHAR,CHAR,CHAR,TRUE,TRUE,GEAANEDWDVPWSYF,CHAR,44152,15,CHAR,CHAR,TCR,CHAR,CHAR
cell_246,TRUE,CHAR,TRUE,697,TRA,CHAR,CHAR,CHAR,CHAR,TRUE,TRUE,HRCGPGRVYYFCLMH,CHAR,44152,15,CHAR,CHAR,TCR,CHAR,CHAR
cell_246,TRUE,CHAR,TRUE,697,TRA,CHAR,CHAR,CHAR,CHAR,TRUE,TRUE,CKCKTQFECRVDFAW,CHAR,44152,15,CHAR,CHAR,TCR,CHAR,CHAR
cell_246,TRUE,CHAR,TRUE,697,TRB,CHAR,CHAR,CHAR,CHAR,TRUE,TRUE,GYSCYMHLYDECSIP,CHAR,44152,15,CHAR,CHAR,TCR,CHAR,CHAR
cell_246,TRUE,CHAR,TRUE,697,TRB,CHAR,CHAR,CHAR,CHAR,TRUE,TRUE,GWASDLYVNHDGGGI,CHAR,44152,15,CHAR,CHAR,TCR,CHAR,CHAR
cell_247,TRUE,CHAR,TRUE,697,TRA,CHAR,CHAR,CHAR,CHAR,TRUE,TRUE,EINDGFLHVGPRIHR,CHAR,44152,15,CHAR,CHAR,TCR,CHAR,CHAR
cell_247,TRUE,CHAR,TRUE,697,TRB,CHAR,CHAR,CHAR,CHAR,TRUE,TRUE,YDCTVQGCYNMGYYH,CHAR,44152,15,CHAR,CHAR,TCR,CHAR,CHAR
cell_247,TRUE,CHAR,TRUE,697,TRB,CHAR,CHAR,CHAR,CHAR,TRUE,TRUE,WQLYQVQGWCWNEQQ,CHAR,44152,15,CHAR,CHAR,TCR,CHAR,CHAR
cell_248,TRUE,CHAR,TRUE,697,TRA,CHAR,CHAR,CHAR,CHAR,TRUE,TRUE,EETKLVIPCVWAPYW,CHAR,44152,15,CHAR,CHAR,TCR,CHAR,CHAR
cell_248,TRUE,CHAR,TRUE,697,TRB,CHAR,CHAR,CHAR,CHAR,TRUE,TRUE,KLPHCKFEPGLFSAC,CHAR,44152,15,CHAR,CHAR,TCR,CHAR,CHAR
cell_248,TRUE,CHAR,TRUE,697,TRB,CHAR,CHAR,CHAR,CHAR,TRUE,TRUE,EWTPCCSMHAYFNDH,CHAR,44152,15,CHAR,CHAR,TCR,CHAR,CHAR
cell_249,TRUE,CHAR,TRUE,697,TRA,CHAR,CHAR,CHAR,CHAR,TRUE,TRUE,CYIWSWSEFIQNEDF,CHAR,44152,15,CHAR,CHAR,TCR,CHAR,CHAR
cell_249,TRUE,CHAR,TRUE,697,TRB,CHAR,CHAR,CHAR,CHAR,TRUE,TRUE,VQPLPPHFDAPSRSH,CHAR,44152,15,CHAR,CHAR,TCR,CHAR,CHAR
cell_250,TRUE,CHAR,TRUE,697,TRA,CHAR,CHAR,CHAR,CHAR,TRUE,TRUE,GDWIYSTWFQHKGGA,CHAR,44152,15,CHAR,CHAR,TCR,CHAR,CHAR
cell_250,TRUE,CHAR,TRUE,697,TRB,CHAR,CHAR,CHAR,CHAR,TRUE,TRUE,FGITQLDRLEMLLMY,CHAR,44152,15,CHAR,CHAR,TCR,CHAR,CHAR
cell_251,TRUE,CHAR,TRUE,697,TRB,CHAR,CHAR,CHAR,CHAR,TRUE,TRUE,RKQNVMVYTKQIYVR,CHAR,44152,15,CHAR,CHAR,TCR,CHAR,CHAR
cell_252,TRUE,CHAR,TRUE,697,TRA,CHAR,CHAR,CHAR,CHAR,TRUE,TRUE,IPGNWTSYNTCRPSS,CHAR,44152,15,CHAR,CHAR,TCR,CHAR,CHAR
cell_252,TRUE,CHAR,TRUE,697,TRB,CHAR,CHAR,CHAR,CHAR,TRUE,TRUE,YTFGHIFPLQLYLET,CHAR,44152,15,CHAR,CHAR,TCR,CHAR,CHAR
cell_252,TRUE,CHAR,TRUE,697,TRB,CHAR,CHAR,CHAR,CHAR,TRUE,TRUE,PFQKRGLRADANPAF,CHAR,44152,15,CHAR,CHAR,TCR,CHAR,CHAR
cell_253,TRUE,CHAR,TRUE,697,TRA,CHAR,CHAR,CHAR,CHAR,TRUE,TRUE,VRGAVNFFTEWLHKR,CHAR,44152,15,CHAR,CHAR,TCR,CHAR,CHAR
cell_253,TRUE,CHAR,TRUE,697,TRA,CHAR,CHAR,CHAR,CHAR,TRUE,TRUE,WLLYGHCMWLWSSKM,CHAR,44152,15,CHAR,CHAR,TCR,CHAR,CHAR
cell_253,TRUE,CHAR,TRUE,697,TRB,CHAR,CHAR,CHAR,CHAR,TRUE,TRUE,LDFELKTSMGILLVT,CHAR,44152,15,CHAR,CHAR,TCR,CHAR,CHAR
cell_254,TRUE,CHAR,TRUE,697,TRA,CHAR,CHAR,CHAR,CHAR,TRUE,TRUE,MPILNAQFMVAVGQH,CHAR,44152,15,CHAR,CHAR,TCR,CHAR,CHAR
cell_254,TRUE,CHAR,TRUE,697,TRB,CHAR,CHAR,CHAR,CHAR,TRUE,TRUE,CRRWITICCIYFADS,CHAR,44152,15,CHAR,CHAR,TCR,CHAR,CHAR
cell_255,TRUE,CHAR,TRUE,697,TRA,CHAR,CHAR,CHAR,CHAR,TRUE,TRUE,MMMMGGKFQERPSES,CHAR,44152,15,CHAR,CHAR,TCR,CHAR,CHAR
cell_255,TRUE,CHAR,TRUE,697,TRA,CHAR,CHAR,CHAR,CHAR,TRUE,TRUE,IGNSWACEHYWEWRA,CHAR,44152,15,CHAR,CHAR,TCR,CHAR,CHAR
cell_255,TRUE,CHAR,TRUE,697,TRB,CHAR,CHAR,CHAR,CHAR,TRUE,TRUE,INSPMTRDMDMAKIW,CHAR,44152,15,CHAR,CHAR,TCR,CHAR,CHAR
cell_256,TRUE,CHAR,TRUE,697,TRA,CHAR,CHAR,CHAR,CHAR,TRUE,TRUE,SAHFLQWTRCFDPVG,CHAR,44152,15,CHAR,CHAR,TCR,CHAR,CHAR
cell_256,TRUE,CHAR,TRUE,697,TRB,CHAR,CHAR,CHAR,CHAR,TRUE,TRUE,IVWLSGFLQGQRSHP,CHAR,44152,15,CHAR,CHAR,TCR,CHAR,CHAR
cell_257,TRUE,CHAR,TRUE,697,TRA,CHAR,CHAR,CHAR,CHAR,TRUE,TRUE,VWEPWFDRLYFYYQW,CHAR,44152,15,CHAR,CHAR,TCR,CHAR,CHAR
cell_257,TRUE,CHAR,TRUE,697,TRB,CHAR,CHAR,CHAR,CHAR,TRUE,TRUE,GAEDRDYINHSPFIY,CHAR,44152,15,CHAR,CHAR,TCR,CHAR,CHAR
cell_259,TRUE,CHAR,TRUE,697,TRB,CHAR,CHAR,CHAR,CHAR,TRUE,TRUE,INSPMTRDMDMAKIW,CHAR,44152,15,CHAR,CHAR,TCR,CHAR,CHAR
cell_259,TRUE,CHAR,TRUE,697,TRB,CHAR,CHAR,CHAR,CHAR,TRUE,TRUE,ATWGPCTTGAMRGNW,CHAR,44152,15,CHAR,CHAR,TCR,CHAR,CHAR
cell_260,TRUE,CHAR,TRUE,697,TRA,CHAR,CHAR,CHAR,CHAR,TRUE,TRUE,PDESYGIRDVHRSVQ,CHAR,44152,15,CHAR,CHAR,TCR,CHAR,CHAR
cell_260,TRUE,CHAR,TRUE,697,TRA,CHAR,CHAR,CHAR,CHAR,TRUE,TRUE,HPTWRIGALMEAAEY,CHAR,44152,15,CHAR,CHAR,TCR,CHAR,CHAR
cell_260,TRUE,CHAR,TRUE,697,TRB,CHAR,CHAR,CHAR,CHAR,TRUE,TRUE,PITKLTSKKYGIGSW,CHAR,44152,15,CHAR,CHAR,TCR,CHAR,CHAR
cell_261,TRUE,CHAR,TRUE,697,TRB,CHAR,CHAR,CHAR,CHAR,TRUE,TRUE,GWASDLYVNHDGGGI,CHAR,44152,15,CHAR,CHAR,TCR,CHAR,CHAR
cell_262,TRUE,CHAR,TRUE,697,TRA,CHAR,CHAR,CHAR,CHAR,TRUE,TRUE,GDWIYSTWFQHKGGA,CHAR,44152,15,CHAR,CHAR,TCR,CHAR,CHAR
cell_262,TRUE,CHAR,TRUE,697,TRA,CHAR,CHAR,CHAR,CHAR,TRUE,TRUE,EINDGFLHVGPRIHR,CHAR,44152,15,CHAR,CHAR,TCR,CHAR,CHAR
cell_262,TRUE,CHAR,TRUE,697,TRB,CHAR,CHAR,CHAR,CHAR,TRUE,TRUE,VYFMVQEYWRNRSKL,CHAR,44152,15,CHAR,CHAR,TCR,CHAR,CHAR
cell_263,TRUE,CHAR,TRUE,697,TRA,CHAR,CHAR,CHAR,CHAR,TRUE,TRUE,MSAVACMYMINEHGP,CHAR,44152,15,CHAR,CHAR,TCR,CHAR,CHAR
cell_263,TRUE,CHAR,TRUE,697,TRB,CHAR,CHAR,CHAR,CHAR,TRUE,TRUE,HNADNYTCVSRCHSM,CHAR,44152,15,CHAR,CHAR,TCR,CHAR,CHAR
cell_264,TRUE,CHAR,TRUE,697,TRB,CHAR,CHAR,CHAR,CHAR,TRUE,TRUE,NQKNVMDREYPSDGM,CHAR,44152,15,CHAR,CHAR,TCR,CHAR,CHAR
cell_265,TRUE,CHAR,TRUE,697,TRA,CHAR,CHAR,CHAR,CHAR,TRUE,TRUE,WHDPSTAYQTAMHKI,CHAR,44152,15,CHAR,CHAR,TCR,CHAR,CHAR
cell_265,TRUE,CHAR,TRUE,697,TRB,CHAR,CHAR,CHAR,CHAR,TRUE,TRUE,YLYMFKCMIMFVCSW,CHAR,44152,15,CHAR,CHAR,TCR,CHAR,CHAR
cell_266,TRUE,CHAR,TRUE,697,TRA,CHAR,CHAR,CHAR,CHAR,TRUE,TRUE,PKNKLRKHDTMTFDA,CHAR,44152,15,CHAR,CHAR,TCR,CHAR,CHAR
cell_266,TRUE,CHAR,TRUE,697,TRA,CHAR,CHAR,CHAR,CHAR,TRUE,TRUE,YPNHEDGMKARPYST,CHAR,44152,15,CHAR,CHAR,TCR,CHAR,CHAR
cell_266,TRUE,CHAR,TRUE,697,TRB,CHAR,CHAR,CHAR,CHAR,TRUE,TRUE,RNIIGKPQWMGPQSV,CHAR,44152,15,CHAR,CHAR,TCR,CHAR,CHAR
cell_267,TRUE,CHAR,TRUE,697,TRA,CHAR,CHAR,CHAR,CHAR,TRUE,TRUE,KHCWDKDEEKELLFI,CHAR,44152,15,CHAR,CHAR,TCR,CHAR,CHAR
cell_267,TRUE,CHAR,TRUE,697,TRB,CHAR,CHAR,CHAR,CHAR,TRUE,TRUE,ETWTKWCAAARSHNR,CHAR,44152,15,CHAR,CHAR,TCR,CHAR,CHAR
cell_267,TRUE,CHAR,TRUE,697,TRB,CHAR,CHAR,CHAR,CHAR,TRUE,TRUE,DNYQMCLACWLEKYY,CHAR,44152,15,CHAR,CHAR,TCR,CHAR,CHAR
cell_269,TRUE,CHAR,TRUE,697,TRA,CHAR,CHAR,CHAR,CHAR,TRUE,TRUE,TYNLERVAEDSNHIA,CHAR,44152,15,CHAR,CHAR,TCR,CHAR,CHAR
cell_269,TRUE,CHAR,TRUE,697,TRA,CHAR,CHAR,CHAR,CHAR,TRUE,TRUE,HRCGPGRVYYFCLMH,CHAR,44152,15,CHAR,CHAR,TCR,CHAR,CHAR
cell_269,TRUE,CHAR,TRUE,697,TRB,CHAR,CHAR,CHAR,CHAR,TRUE,TRUE,GEAANEDWDVPWSYF,CHAR,44152,15,CHAR,CHAR,TCR,CHAR,CHAR
cell_270,TRUE,CHAR,TRUE,697,TRA,CHAR,CHAR,CHAR,CHAR,TRUE,TRUE,INLYEILQGLLKGHR,CHAR,44152,15,CHAR,CHAR,TCR,CHAR,CHAR
cell_270,TRUE,CHAR,TRUE,697,TRA,CHAR,CHAR,CHAR,CHAR,TRUE,TRUE,NVAPHIMHDVGHGPG,CHAR,44152,15,CHAR,CHAR,TCR,CHAR,CHAR
cell_270,TRUE,CHAR,TRUE,697,TRB,CHAR,CHAR,CHAR,CHAR,TRUE,TRUE,VTSHQFANTECVCPT,CHAR,44152,15,CHAR,CHAR,TCR,CHAR,CHAR
cell_271,TRUE,CHAR,TRUE,697,TRA,CHAR,CHAR,CHAR,CHAR,TRUE,TRUE,TWWLYPNPTSAVDWN,CHAR,44152,15,CHAR,CHAR,TCR,CHAR,CHAR
cell_271,TRUE,CHAR,TRUE,697,TRB,CHAR,CHAR,CHAR,CHAR,TRUE,TRUE,MEQKRAGYYVPEVLE,CHAR,44152,15,CHAR,CHAR,TCR,CHAR,CHAR
cell_273,TRUE,CHAR,TRUE,697,TRA,CHAR,CHAR,CHAR,CHAR,TRUE,TRUE,EEWNWTENAIRMRND,CHAR,44152,15,CHAR,CHAR,TCR,CHAR,CHAR
cell_273,TRUE,CHAR,TRUE,697,TRB,CHAR,CHAR,CHAR,CHAR,TRUE,TRUE,SRLRTESNLWMPHYC,CHAR,44152,15,CHAR,CHAR,TCR,CHAR,CHAR
cell_273,TRUE,CHAR,TRUE,697,TRB,CHAR,CHAR,CHAR,CHAR,TRUE,TRUE,GIHNPLDDVNLPKYH,CHAR,44152,15,CHAR,CHAR,TCR,CHAR,CHAR
cell_274,TRUE,CHAR,TRUE,697,TRA,CHAR,CHAR,CHAR,CHAR,TRUE,TRUE,QCQNFFIEGREGPNS,CHAR,44152,15,CHAR,CHAR,TCR,CHAR,CHAR
cell_274,TRUE,CHAR,TRUE,697,TRB,CHAR,CHAR,CHAR,CHAR,TRUE,TRUE,WVPRGVCIFMSQYLS,CHAR,44152,15,CHAR,CHAR,TCR,CHAR,CHAR
cell_275,TRUE,CHAR,TRUE,697,TRA,CHAR,CHAR,CHAR,CHAR,TRUE,TRUE,GWFIVEDTGEMSDNK,CHAR,44152,15,CHAR,CHAR,TCR,CHAR,CHAR
cell_275,TRUE,CHAR,TRUE,697,TRB,CHAR,CHAR,CHAR,CHAR,TRUE,TRUE,IYVCLSPSIILWSNS,CHAR,44152,15,CHAR,CHAR,TCR,CHAR,CHAR
cell_276,TRUE,CHAR,TRUE,697,TRA,CHAR,CHAR,CHAR,CHAR,TRUE,TRUE,SNVQAQMGNQWANVF,CHAR,44152,15,CHAR,CHAR,TCR,CHAR,CHAR
cell_276,TRUE,CHAR,TRUE,697,TRB,CHAR,CHAR,CHAR,CHAR,TRUE,TRUE,VQFNFANIWDINYVC,CHAR,44152,15,CHAR,CHAR,TCR,CHAR,CHAR
cell_278,TRUE,CHAR,TRUE,697,TRA,CHAR,CHAR,CHAR,CHAR,TRUE,TRUE,LEEGNAQAPQGCVTC,CHAR,44152,15,CHAR,CHAR,TCR,CHAR,CHAR
cell_278,TRUE,CHAR,TRUE,697,TRB,CHAR,CHAR,CHAR,CHAR,TRUE,TRUE,PMNPCSMGDWTDGPT,CHAR,44152,15,CHAR,CHAR,TCR,CHAR,CHAR
cell_279,TRUE,CHAR,TRUE,697,TRA,CHAR,CHAR,CHAR,CHAR,TRUE,TRUE,DPSDLVNESSNPTHE,CHAR,44152,15,CHAR,CHAR,TCR,CHAR,CHAR
cell_279,TRUE,CHAR,TRUE,697,TRB,CHAR,CHAR,CHAR,CHAR,TRUE,TRUE,GYSCYMHLYDECSIP,CHAR,44152,15,CHAR,CHAR,TCR,CHAR,CHAR
cell_280,TRUE,CHAR,TRUE,697,TRA,CHAR,CHAR,CHAR,CHAR,TRUE,TRUE,TGNALPFEFMEFYMM,CHAR,44152,15,CHAR,CHAR,TCR,CHAR,CHAR
cell_280,TRUE,CHAR,TRUE,697,TRB,CHAR,CHAR,CHAR,CHAR,TRUE,TRUE,EFFMTPLSALHVWWL,CHAR,44152,15,CHAR,CHAR,TCR,CHAR,CHAR
cell_281,TRUE,CHAR,TRUE,697,TRA,CHAR,CHAR,CHAR,CHAR,TRUE,TRUE,WHDPSTAYQTAMHKI,CHAR,44152,15,CHAR,CHAR,TCR,CHAR,CHAR
cell_281,TRUE,CHAR,TRUE,697,TRB,CHAR,CHAR,CHAR,CHAR,TRUE,TRUE,FYWAINMMKREIMDS,CHAR,44152,15,CHAR,CHAR,TCR,CHAR,CHAR
cell_282,TRUE,CHAR,TRUE,697,TRA,CHAR,CHAR,CHAR,CHAR,TRUE,TRUE,THNCIEGVFQRLEWP,CHAR,44152,15,CHAR,CHAR,TCR,CHAR,CHAR
cell_282,TRUE,CHAR,TRUE,697,TRB,CHAR,CHAR,CHAR,CHAR,TRUE,TRUE,FTFYNCCKMVEEDIS,CHAR,44152,15,CHAR,CHAR,TCR,CHAR,CHAR
cell_282,TRUE,CHAR,TRUE,697,TRB,CHAR,CHAR,CHAR,CHAR,TRUE,TRUE,KAAPRMNCQIRREHG,CHAR,44152,15,CHAR,CHAR,TCR,CHAR,CHAR
cell_283,TRUE,CHAR,TRUE,697,TRA,CHAR,CHAR,CHAR,CHAR,TRUE,TRUE,QMEFEFMYPHEDGPM,CHAR,44152,15,CHAR,CHAR,TCR,CHAR,CHAR
cell_283,TRUE,CHAR,TRUE,697,TRB,CHAR,CHAR,CHAR,CHAR,TRUE,TRUE,CKCFLEIHAARQVHE,CHAR,44152,15,CHAR,CHAR,TCR,CHAR,CHAR
cell_285,TRUE,CHAR,TRUE,697,TRA,CHAR,CHAR,CHAR,CHAR,TRUE,TRUE,GHHTVIDSPSFMLYA,CHAR,44152,15,CHAR,CHAR,TCR,CHAR,CHAR
cell_285,TRUE,CHAR,TRUE,697,TRB,CHAR,CHAR,CHAR,CHAR,TRUE,TRUE,ESIVNFTMNREWCFG,CHAR,44152,15,CHAR,CHAR,TCR,CHAR,CHAR
cell_286,TRUE,CHAR,TRUE,697,TRA,CHAR,CHAR,CHAR,CHAR,TRUE,TRUE,CWQVLEWDADSQYEV,CHAR,44152,15,CHAR,CHAR,TCR,CHAR,CHAR
cell_286,TRUE,CHAR,TRUE,697,TRB,CHAR,CHAR,CHAR,CHAR,TRUE,TRUE,HAQQDEETNPEPRCT,CHAR,44152,15,CHAR,CHAR,TCR,CHAR,CHAR
cell_287,TRUE,CHAR,TRUE,697,TRA,CHAR,CHAR,CHAR,CHAR,TRUE,TRUE,HTEEGAGFVIFRLNP,CHAR,44152,15,CHAR,CHAR,TCR,CHAR,CHAR
cell_287,TRUE,CHAR,TRUE,697,TRA,CHAR,CHAR,CHAR,CHAR,TRUE,TRUE,IYGMNTHFCHKCIKK,CHAR,44152,15,CHAR,CHAR,TCR,CHAR,CHAR
cell_287,TRUE,CHAR,TRUE,697,TRB,CHAR,CHAR,CHAR,CHAR,TRUE,TRUE,GIHNPLDDVNLPKYH,CHAR,44152,15,CHAR,CHAR,TCR,CHAR,CHAR
cell_288,TRUE,CHAR,TRUE,697,TRA,CHAR,CHAR,CHAR,CHAR,TRUE,TRUE,RDIKKNHECFVNHRH,CHAR,44152,15,CHAR,CHAR,TCR,CHAR,CHAR
cell_288,TRUE,CHAR,TRUE,697,TRB,CHAR,CHAR,CHAR,CHAR,TRUE,TRUE,QNPCTWMAQPISSLS,CHAR,44152,15,CHAR,CHAR,TCR,CHAR,CHAR
cell_289,TRUE,CHAR,TRUE,697,TRA,CHAR,CHAR,CHAR,CHAR,TRUE,TRUE,FWSHHSYDMFCLSCW,CHAR,44152,15,CHAR,CHAR,TCR,CHAR,CHAR
cell_289,TRUE,CHAR,TRUE,697,TRA,CHAR,CHAR,CHAR,CHAR,TRUE,TRUE,PELIDWNFNTEPPDF,CHAR,44152,15,CHAR,CHAR,TCR,CHAR,CHAR
cell_289,TRUE,CHAR,TRUE,697,TRB,CHAR,CHAR,CHAR,CHAR,TRUE,TRUE,QEFPNHETVTKGNRN,CHAR,44152,15,CHAR,CHAR,TCR,CHAR,CHAR
cell_290,TRUE,CHAR,TRUE,697,TRA,CHAR,CHAR,CHAR,CHAR,TRUE,TRUE,HYRPCRRTDRELKMN,CHAR,44152,15,CHAR,CHAR,TCR,CHAR,CHAR
cell_290,TRUE,CHAR,TRUE,697,TRB,CHAR,CHAR,CHAR,CHAR,TRUE,TRUE,MLEIADVVTTLQQSI,CHAR,44152,15,CHAR,CHAR,TCR,CHAR,CHAR
cell_291,TRUE,CHAR,TRUE,697,TRA,CHAR,CHAR,CHAR,CHAR,TRUE,TRUE,HVRRCFYERHPIRPQ,CHAR,44152,15,CHAR,CHAR,TCR,CHAR,CHAR
cell_291,TRUE,CHAR,TRUE,697,TRB,CHAR,CHAR,CHAR,CHAR,TRUE,TRUE,YWVKVHKRLDELFPK,CHAR,44152,15,CHAR,CHAR,TCR,CHAR,CHAR
cell_291,TRUE,CHAR,TRUE,697,TRB,CHAR,CHAR,CHAR,CHAR,TRUE,TRUE,CISQEFPLRQFHAAS,CHAR,44152,15,CHAR,CHAR,TCR,CHAR,CHAR
cell_292,TRUE,CHAR,TRUE,697,TRA,CHAR,CHAR,CHAR,CHAR,TRUE,TRUE,HVRRCFYERHPIRPQ,CHAR,44152,15,CHAR,CHAR,TCR,CHAR,CHAR
cell_292,TRUE,CHAR,TRUE,697,TRB,CHAR,CHAR,CHAR,CHAR,TRUE,TRUE,VYFMVQEYWRNRSKL,CHAR,44152,15,CHAR,CHAR,TCR,CHAR,CHAR
cell_293,TRUE,CHAR,TRUE,697,TRA,CHAR,CHAR,CHAR,CHAR,TRUE,TRUE,DCFMKQGGELPRMIS,CHAR,44152,15,CHAR,CHAR,TCR,CHAR,CHAR
cell_293,TRUE,CHAR,TRUE,697,TRA,CHAR,CHAR,CHAR,CHAR,TRUE,TRUE,HPTWRIGALMEAAEY,CHAR,44152,15,CHAR,CHAR,TCR,CHAR,CHAR
cell_293,TRUE,CHAR,TRUE,697,TRB,CHAR,CHAR,CHAR,CHAR,TRUE,TRUE,SRPCCSPWMRNDRNY,CHAR,44152,15,CHAR,CHAR,TCR,CHAR,CHAR
cell_294,TRUE,CHAR,TRUE,697,TRA,CHAR,CHAR,CHAR,CHAR,TRUE,TRUE,PTQYFHYKGDMGTKA,CHAR,44152,15,CHAR,CHAR,TCR,CHAR,CHAR
cell_294,TRUE,CHAR,TRUE,697,TRB,CHAR,CHAR,CHAR,CHAR,TRUE,TRUE,TKKHVAVRECQVMFY,CHAR,44152,15,CHAR,CHAR,TCR,CHAR,CHAR
cell_295,TRUE,CHAR,TRUE,697,TRA,CHAR,CHAR,CHAR,CHAR,TRUE,TRUE,DCFMKQGGELPRMIS,CHAR,44152,15,CHAR,CHAR,TCR,CHAR,CHAR
cell_295,TRUE,CHAR,TRUE,697,TRB,CHAR,CHAR,CHAR,CHAR,TRUE,TRUE,TNNRRAWYMYVGWVF,CHAR,44152,15,CHAR,CHAR,TCR,CHAR,CHAR
cell_296,TRUE,CHAR,TRUE,697,TRA,CHAR,CHAR,CHAR,CHAR,TRUE,TRUE,SCQTGEGNVRYAIGS,CHAR,44152,15,CHAR,CHAR,TCR,CHAR,CHAR
cell_296,TRUE,CHAR,TRUE,697,TRB,CHAR,CHAR,CHAR,CHAR,TRUE,TRUE,LTMYLDELYGIYDHF,CHAR,44152,15,CHAR,CHAR,TCR,CHAR,CHAR
cell_298,TRUE,CHAR,TRUE,697,TRA,CHAR,CHAR,CHAR,CHAR,TRUE,TRUE,CWQVLEWDADSQYEV,CHAR,44152,15,CHAR,CHAR,TCR,CHAR,CHAR
cell_298,TRUE,CHAR,TRUE,697,TRB,CHAR,CHAR,CHAR,CHAR,TRUE,TRUE,FFDRPSLYSTAETHY,CHAR,44152,15,CHAR,CHAR,TCR,CHAR,CHAR
cell_299,TRUE,CHAR,TRUE,697,TRA,CHAR,CHAR,CHAR,CHAR,TRUE,TRUE,QMEFEFMYPHEDGPM,CHAR,44152,15,CHAR,CHAR,TCR,CHAR,CHAR
cell_299,TRUE,CHAR,TRUE,697,TRB,CHAR,CHAR,CHAR,CHAR,TRUE,TRUE,IAGTPHTLNWHIGTV,CHAR,44152,15,CHAR,CHAR,TCR,CHAR,CHAR
cell_300,TRUE,CHAR,TRUE,697,TRA,CHAR,CHAR,CHAR,CHAR,TRUE,TRUE,INLYEILQGLLKGHR,CHAR,44152,15,CHAR,CHAR,TCR,CHAR,CHAR
cell_300,TRUE,CHAR,TRUE,697,TRB,CHAR,CHAR,CHAR,CHAR,TRUE,TRUE,YSARMNTCAIKFTIK,CHAR,44152,15,CHAR,CHAR,TCR,CHAR,CHAR
